ID_Transacao,Numero_Cartao,Data_Transacao,Valor_Transacao,Local_Transacao,Tipo_Cartao,Idade_Titular,Tentativas_Autenticacao_Falhas,Fraude
0c7a2a29-a3b8-42af-a734-6256757b6973,630473039968,2024-02-21 19:04:29,1873.33,East Kylestad,Crédito,71,3,0
6692cc5b-2f57-4ba3-82b8-f15ac46783d2,2703279535708917,2024-08-12 15:09:36,4753.62,Lawrencehaven,Crédito,34,4,0
709d9593-d5e8-428b-a475-ba8fd954fda9,3585898694279914,2024-01-08 09:00:20,3660.24,Port Ronald,Débito,26,0,0
3931d902-e5cd-4f07-905c-15dbd412ac63,4152733124534797,2024-05-08 08:32:52,2993.69,Port Rebecca,Crédito,50,0,0
a3641d62-3a11-4cc8-aeb8-f6d9d62ccec3,4999000479881091,2024-05-02 12:31:27,780.94,Port Stevechester,Crédito,70,4,0
93d06e8f-8143-4524-bd9e-e24790865428,379798237437506,2024-05-21 18:23:53,780.82,Hillton,Crédito,37,4,0
225f99e1-c9b1-4332-989a-8d2465cd1dd2,3585260307786985,2024-01-11 20:40:13,291.36,South Cheryl,Crédito,30,2,0
7134bedd-1ade-4120-9fe5-20396ac4c0da,4832284622190,2024-03-26 19:58:42,4331.01,New Marcusfort,Crédito,45,0,0
c0208447-63b2-4309-ac0f-302f1a9fe421,4275151272196,2024-03-11 18:32:03,3005.97,Port Stephen,Débito,65,3,0
d24b1a96-aa2b-44ba-9b2c-e8e831a5a91e,3589969852316990,2024-06-11 12:03:02,3540.65,Tonyaberg,Crédito,46,1,1
7683d28a-aa64-4637-bc44-db741ecb6022,30532672071194,2024-04-11 23:26:32,103.9,North Ericmouth,Crédito,30,1,0
122b915b-33f0-4633-9e44-31cf4698000d,373159417935080,2024-07-07 19:56:07,4849.58,Cynthiaside,Crédito,63,4,0
ea6414a8-2de3-49dc-a302-29a89993ffe5,180075425933425,2024-07-31 10:41:04,4162.38,Lake Shaun,Crédito,52,2,0
611c08ec-b018-482f-8ec5-641a8e40e04c,4018036917820843,2024-04-15 23:02:57,1062.48,Port Brenda,Crédito,78,1,0
90ac81b9-18f1-4dd3-99ee-67a8276fc2da,4951481845774,2024-08-13 05:58:58,909.94,Manuelborough,Crédito,23,0,0
94e3f028-ed13-4e3a-a4ec-ebabc2c2a826,213168513979128,2024-02-12 11:09:56,917.84,South Rebecca,Crédito,35,4,0
14c141f0-ad9a-489d-bd9e-002be5ed5388,30378336549948,2024-02-05 15:41:19,1521.91,New Anthonyburgh,Débito,68,3,0
c3bb1766-b974-40f5-89f6-66a62aa385b4,3502244827794406,2024-06-01 18:21:50,2624.26,Timothystad,Crédito,22,4,0
22d2df02-5be8-4909-8d08-d1f3433ba043,3570908410005555,2024-05-02 02:33:46,2160.29,East Jenniferhaven,Débito,64,3,0
4b511266-a3b8-4344-8c88-e665b49c0657,6011178437944505,2024-03-08 17:43:35,1456.85,Emilystad,Débito,42,4,0
6430c054-4843-48e1-94e2-ca2b82b5a508,3543262193936246,2024-03-15 16:35:49,3059.65,Port Patrick,Crédito,19,4,0
951ba06e-b479-4ef8-a31b-4532691eef73,4610956217170932,2024-07-01 11:41:08,698.33,Port Sarahhaven,Crédito,27,4,0
b95cd082-8b8b-4c00-9339-c8f363252d8b,4524111995941404966,2024-04-23 04:48:44,1461.43,Thomasview,Débito,73,3,0
39957a62-83af-44bc-a151-54c4dbfdcfa6,4702447409399,2024-01-25 22:16:30,1832.44,Curtiston,Débito,47,3,0
941af3be-93c0-413d-86d1-f1fee64cf328,3583370596887451,2024-06-02 14:58:12,2280.89,South Samuelhaven,Débito,67,4,0
8801a5d1-4ca1-423a-bfc3-fa0299df8f0c,2575571673000627,2024-04-18 18:22:35,3926.09,East Johnmouth,Crédito,76,1,0
7aa3b2b1-13af-4695-a56b-97768ae88f1d,38562518091132,2024-04-11 20:09:38,999.17,Cunninghamburgh,Crédito,62,2,0
d069e974-d568-4f36-8916-a0f1126aedc1,213165369465871,2024-03-02 03:15:35,2571.66,Jasontown,Débito,22,2,0
2e394921-a160-4d76-a10a-d7cb9e26c735,2380477024191997,2024-03-15 21:32:42,2962.48,Davidmouth,Crédito,72,2,0
4ee8571e-6445-4da1-82fd-00b784bb221c,4003756984803,2024-07-17 06:20:16,233.21,New Robintown,Crédito,73,3,0
bca5288e-5e8b-4b32-9c46-b07d500df3f3,3552114103771866,2024-06-08 10:22:09,3038.12,North Robert,Débito,50,3,0
b62dc22c-30ce-42e2-accb-0d2ea9393842,213123060033613,2024-07-06 04:01:31,853.45,Melodyfurt,Crédito,71,1,0
28dccfc9-1821-4533-b9e5-da6be5f74252,379645643589877,2024-01-29 12:41:41,326.19,Robinsonfort,Débito,18,2,0
6f36f2ba-1a5b-4afc-bdec-5ff947d63dac,4676071591432048,2024-06-25 11:35:29,4744.48,East Elizabeth,Débito,35,2,0
27d34bde-99ab-4a4d-997c-32571860afd2,36147213118018,2024-07-14 02:46:35,4828.19,South Carla,Débito,49,4,0
b489d03c-e9aa-4de7-8e90-4847de027866,4794069862422430,2024-06-26 18:21:51,4042.18,New Patricia,Crédito,64,3,0
8410627e-755b-4466-9c70-aa1af8a38518,4565984467603373,2024-01-23 16:29:46,1523.76,Richardview,Débito,66,2,0
bac57c02-4d6a-49ce-bf20-5ee0b94cd2a3,4941606904340823,2024-05-03 08:32:53,489.26,West Meganchester,Crédito,28,1,0
767b90c9-8438-4928-8eb5-35f5451a886f,060438067344,2024-02-22 15:12:00,3421.48,New Steveshire,Débito,38,1,0
5dc4c9b7-7ce7-4e4a-825f-a3e0627c6abe,4671601421683538,2024-03-22 03:47:22,2201.32,Carterport,Crédito,43,2,0
92737e54-98db-4935-9b66-ec351a14e8b1,4297568444010,2024-01-22 06:03:26,611.07,Port Lauratown,Débito,42,3,0
59b748cd-f499-400a-a1a1-1937b578a374,2717956655857798,2024-04-02 03:25:53,2476.39,Jonesshire,Débito,39,1,0
3aad22b6-8229-4396-aeef-5ed4eb778b87,4967616779597042,2024-07-26 16:36:51,172.91,North Lauramouth,Crédito,76,4,0
3ed6bece-9c43-46f5-bfaa-2c6d190594a7,4248820199339198,2024-05-23 23:01:28,4546.69,East Jasonside,Crédito,44,1,0
2eca36a4-3336-474e-8013-d2fec8f4e520,573815348319,2024-07-04 03:25:37,1294.64,Port Nathan,Crédito,66,0,0
6b998216-b957-473e-aa22-74af8fca9e04,2299906081551966,2024-06-10 17:21:58,3312.95,Lake Johnstad,Crédito,30,0,0
43df7a5b-2143-4029-bf54-f7d5f3f2ca3b,3525658576891175,2024-05-07 23:27:07,1559.24,North Aprilton,Débito,50,3,0
72bbd9a0-367a-492e-b877-f57be15d35d3,3555397862606301,2024-07-23 23:13:56,2600.82,North Morganfurt,Crédito,51,2,1
75a3f69a-44f6-4473-ab91-c9a5f6bc0e4f,4932203451098656,2024-05-11 17:18:19,2734.0,Port Jane,Crédito,58,3,0
1d16d57b-6f19-4921-92e2-262d7f00527d,4931545690060329713,2024-08-23 06:30:19,925.09,South Kathy,Crédito,52,3,0
cffabbcf-7643-4c74-ac19-b1cb20cf5bf3,4482508592644248238,2024-01-19 23:36:35,4847.95,Matthewburgh,Débito,18,3,0
ec267e05-a352-45be-8ec6-016cae92d1e1,3509449435004360,2024-04-04 01:55:08,3875.89,West Juan,Débito,38,3,0
344ded09-04be-4870-a6cf-8817110093d0,4062840054983495,2024-05-17 08:57:29,4697.56,Port Jason,Débito,65,4,0
4065a4ca-ff35-43c9-9ce4-844b039ccfed,4912467226288495079,2024-08-18 20:48:49,4474.24,New Cassandra,Débito,72,4,0
83212257-35be-4cd8-8d9e-703ad1592342,4388126323046387437,2024-04-07 16:33:08,2989.9,Port Brandy,Crédito,23,1,0
26c2b8a3-ee65-4480-b34c-61e85862e49a,3536758749457883,2024-02-29 05:26:43,4609.45,Lake Samanthaside,Débito,45,0,0
77b6843e-a330-4d2c-9bb8-d1a411babfb2,4273823685721,2024-01-10 03:04:58,443.37,South Miguelview,Débito,34,3,0
aa94cb53-2d4e-407f-94c3-705c6704c8e4,2253667256047735,2024-07-22 03:55:19,980.72,Justinburgh,Crédito,22,1,0
76822873-d75e-4556-8861-3d4eb4bf20ef,4545029165560,2024-08-12 22:37:20,227.09,East Denisetown,Débito,48,0,0
edd6fee4-5832-4654-8bbc-340a41b7244f,213173446401745,2024-05-23 13:34:44,1627.33,Figueroamouth,Crédito,22,2,0
50e26747-8e87-41c6-a3c7-fe47cd5e1feb,4226439753056225289,2024-02-15 20:27:01,1944.0,Lisaton,Crédito,55,4,0
06e88a0a-a447-4ef5-a481-05b0f61b029a,348639057706299,2024-06-30 14:05:03,1357.47,East Clifford,Crédito,20,0,0
58a4216e-857d-4cfa-b46c-a81684b6c428,370864522033639,2024-01-19 23:20:52,4143.86,West Davidview,Crédito,70,2,0
cd24a5f4-2676-4743-9343-a2c7b1e0e574,341068694588208,2024-08-01 16:42:04,1784.41,Ericburgh,Débito,40,0,0
e6fb376c-539a-4b9d-9d56-138af1ac95e0,4365611737480,2024-06-08 07:29:42,1405.39,New Williamfort,Débito,54,4,0
214c2944-fd28-402c-a226-9421bd2f3b04,4034071442191808,2024-01-11 05:17:51,2713.94,Amyborough,Débito,70,4,0
7ea90937-c7c1-4844-8635-f4e512f541a6,676346560813,2024-05-11 06:59:39,705.48,Port Cassie,Crédito,54,1,0
7db09492-96fc-4a86-8230-a56612edaff1,30271063821723,2024-04-13 09:41:37,4011.18,Port Danielhaven,Débito,27,3,0
bf25010a-8fc3-4dbe-83de-647f3b0d801b,3514751252706826,2024-02-25 00:13:37,373.68,New Tamara,Crédito,27,0,0
db75d901-b72c-45c6-9654-787d2cabb468,4927615593654,2024-02-02 12:49:09,4934.45,Wesleyville,Crédito,36,0,0
2449ccb9-1c9e-4683-aa9f-f4ae7aa16b30,213170067210900,2024-01-23 17:17:58,3861.45,Kennethstad,Crédito,34,2,0
61359603-89e0-4472-b731-d758c5becc06,4805395623053022422,2024-02-29 00:58:13,994.38,North Nathaniel,Débito,38,4,0
db874291-2368-4e24-8d00-735305a4733e,4858803445722772,2024-04-24 15:12:13,28.61,Port Cliffordside,Débito,31,0,1
f3ea1170-1af0-46cc-a6c5-6d7d6727ceb1,4768474893433574624,2024-06-20 17:54:05,4077.49,Lake Lindsey,Débito,26,4,0
d210c3b0-a079-468f-a323-625df9ec225b,3528584878942549,2024-05-15 20:35:06,3534.58,Lake Bryan,Crédito,63,0,0
30683e4e-6bea-436f-834f-e6edb4dc07fa,6011364968707087,2024-08-14 11:33:37,3645.31,North Codyhaven,Crédito,18,1,0
3df070ab-d8ac-4699-839b-18dd621159cd,3525627659902993,2024-06-25 06:00:26,3856.58,East Tristanville,Débito,68,3,0
1ea9a851-b79b-47c0-a5d5-8229d5bd8513,2287066476005948,2024-07-05 22:29:21,371.15,Millerstad,Crédito,62,0,1
7443e5ff-278d-435f-afbf-ba36ab49d83b,4063356829633988387,2024-04-28 15:47:05,1792.97,West Crystalborough,Débito,30,4,0
682be7f6-0289-46d1-9276-bf7dc353f379,340827446654530,2024-06-28 02:40:10,580.23,West Kenneth,Débito,21,1,0
a475503a-a384-4268-8d9d-6ef2006bc7c3,676239326041,2024-04-07 22:19:23,4315.65,Simmonsberg,Débito,79,0,0
36762696-716c-4e5d-af80-8bc3bb369744,341992095127748,2024-06-11 08:12:15,3116.87,North Andrea,Crédito,18,2,0
01649881-9274-4984-abea-5197d81e5a7f,639052777716,2024-02-13 05:10:47,1655.16,East John,Débito,66,3,0
5fa8fa68-ff02-4793-9726-3219a49069f7,4623330998071623814,2024-03-19 23:16:09,318.73,West Danielstad,Crédito,57,0,0
3202f31a-9cf8-4e0f-ba28-30a585b14b86,639068522841,2024-04-23 00:47:49,1555.6,Mirandaport,Crédito,49,1,0
5070d837-caf8-4fc3-9929-976f2364f23d,5124384579299163,2024-07-07 12:47:43,1626.59,Sandrabury,Débito,51,2,0
e57e3036-f9f3-46e2-b59a-6f76b96c4814,4582005089472267,2024-05-19 09:35:03,3648.3,East Scott,Débito,45,1,0
7f211307-bcf0-4552-a6ec-34e6b6dbed9b,30452956570383,2024-01-13 09:54:05,3188.15,East Michaelport,Débito,48,1,0
6c44c3a3-cdd3-48c9-a9c2-d80af84768c6,3573985240429822,2024-01-22 13:49:56,4436.18,Brownbury,Débito,25,2,0
965a296d-564e-4d7b-a019-00f74f36727c,3595612243225221,2024-06-28 20:14:51,2361.6,South David,Crédito,56,1,0
f007e48b-d450-4adc-ab5e-906fd24df59e,3572105095110788,2024-02-10 06:59:22,598.85,West Michelle,Crédito,43,2,0
8fa8afc7-253b-40e9-8b83-bf2675c781ba,3542835459578777,2024-03-09 22:24:28,3566.51,Port Patriciafort,Débito,75,0,0
9e345daf-4133-49a3-8662-f31c64bd1b26,3573430645441387,2024-04-01 11:20:38,3804.16,Lake Jonathanberg,Crédito,51,2,0
21146556-4d9c-4603-8010-69b81d7f493a,374301474344116,2024-04-28 05:24:48,2806.82,Estradachester,Crédito,71,2,0
fca2584e-3d4d-4e66-b72d-0937ffe2fe31,30215769844547,2024-06-16 21:56:52,3855.06,North William,Crédito,71,3,0
954750bf-c03f-4828-abb7-3bfc17888bfa,36157978804322,2024-02-09 16:33:44,2469.48,New Brandyland,Crédito,20,2,0
3474968c-ad3b-424b-8134-c7acf6791f2e,3585327649282229,2024-08-02 10:30:19,2614.14,Jameschester,Crédito,76,2,0
375c401c-351f-42df-85f8-34341096f95b,213144035468429,2024-01-17 11:00:32,2138.28,Davidfort,Débito,67,0,0
170d79b1-f95d-4bd3-9442-60e03c68ff81,4376419101291805,2024-03-13 07:00:07,128.07,Lake Jimmy,Crédito,29,3,0
b65cee25-5e2d-4743-b25d-f3f8f3047ebc,3522937530646807,2024-06-19 22:20:23,540.35,Lake Victoriaport,Débito,18,4,0
8496948d-9038-4de7-9e2d-df2167690c70,180007521520442,2024-05-18 22:19:40,158.11,New Jonathanshire,Débito,71,0,1
da47e366-0158-49ef-8c83-d1899681d28e,3526599783133465,2024-01-26 23:07:03,3182.42,North Ronald,Débito,61,0,0
21e1762e-16e4-4f2a-a416-603827a2d720,3532039753964328,2024-07-11 23:03:23,1572.47,East Courtney,Débito,22,4,0
f1b30f6d-19ff-43dd-ae83-bc0d2322988f,345876984425709,2024-08-19 23:52:34,2543.34,Matthewside,Crédito,47,2,0
3d71cea0-3a9b-4c9c-a144-62fa44e70ab5,3526278971544334,2024-07-06 04:52:47,4537.92,Port Diana,Crédito,47,1,0
cd39482c-92ba-46b9-bfa1-b131eec7b622,5275320528614216,2024-05-31 19:42:15,1247.21,Anthonyberg,Débito,76,3,0
79d879b4-1900-4f4f-b02c-2ac572261a17,2249968196451715,2024-07-21 02:37:05,2052.5,Annaside,Débito,74,1,0
574aee6e-c9da-4bc1-893f-79e4e6b5a3c4,5389295717964189,2024-04-29 00:22:37,3778.0,South Brendaville,Crédito,34,4,0
2c4e7ce4-6eef-420b-afc1-29cb896b1d8e,4331954307273,2024-03-14 03:55:46,1144.76,Jonport,Débito,65,0,0
73a7cf47-c333-4a4b-a8c7-bf6467d663b9,2239176691639071,2024-03-04 14:42:54,385.82,North Christopherburgh,Débito,64,0,0
8209fd37-d91b-4b39-be93-c337aa1c86af,2587407358952111,2024-01-29 06:38:02,1449.47,East Sarahberg,Crédito,40,3,0
d89ae257-aa5c-4992-9134-b5c1fe39733b,3551741966735330,2024-07-09 00:11:28,806.95,Port Chloe,Débito,32,0,0
850b5ae9-3f28-4e0d-9541-9ebbe153fca4,344082312194114,2024-03-29 04:31:49,4648.56,Paulhaven,Crédito,54,0,0
7b497a38-65cf-4fd1-9362-1e44f7ec7c45,349870433833015,2024-01-26 17:53:30,4040.79,Reynoldston,Débito,38,3,0
ee27589b-e790-4286-bf50-a9105cee4417,3568419229871298,2024-01-10 00:24:25,3167.39,Tranland,Crédito,31,3,1
670eb0d1-a6d7-4f42-9862-b58c36309e8d,4379236477953124,2024-03-19 22:36:41,4357.43,Lake Christopher,Crédito,19,4,0
09e40635-c71e-4f25-86f3-610572cae10b,4603011931943,2024-08-18 07:56:40,4018.56,New Cody,Débito,28,0,0
0e41b21d-a7a3-41e5-97ff-9a616cb6f070,2714425577139886,2024-01-26 11:25:01,933.66,Jeremymouth,Crédito,68,0,0
4cbd5c4e-7f3d-4f18-99fa-4d02b6f0b85e,3517939442550769,2024-01-15 20:29:42,4462.9,New Cynthia,Crédito,56,4,0
54b1bcdc-6464-47e8-801a-9506f9800814,30547301258723,2024-04-14 06:33:51,2697.17,Benitezland,Débito,55,2,1
abba4f1d-ced5-45f1-92b0-4b3d838d8278,3539894167546779,2024-06-04 06:54:56,4037.39,New Michaelport,Crédito,77,2,0
a038dec6-761e-4410-acb8-99a0c66b3c9e,30163574208500,2024-06-23 04:00:36,4480.56,Markhaven,Crédito,51,2,0
15ea8bfc-fa5d-4d96-91bd-94e3f25048a1,676217646196,2024-04-28 10:19:21,1590.7,Jamieport,Débito,55,4,0
df5399ec-b03d-4492-8978-226b0e907a9c,4903549223096823,2024-05-26 21:53:29,551.15,Port Tammybury,Débito,67,0,1
f8a3baf7-0cec-4042-aef6-5224a1945462,5427359614052987,2024-03-06 14:37:59,1140.45,Collinschester,Crédito,51,4,0
ba07228b-d67b-48bf-961d-51103dccd5f3,4362604012099899051,2024-06-01 01:09:10,2136.11,West Jillian,Crédito,35,4,0
ad0885e2-7130-4f59-af27-c443b9d4b250,180009433180042,2024-07-24 19:45:41,4090.26,East Trevor,Débito,47,2,0
5e2c03b2-e50b-4db1-a3cc-fba8b3cd7aeb,2706942420928380,2024-02-19 21:30:11,4303.79,Harrellton,Débito,32,1,0
2f9c246a-f3e6-4fb6-8271-3d02868223da,3562665587788468,2024-01-21 16:59:28,35.75,Anthonyland,Crédito,44,0,0
28d263af-f0e8-4520-a5af-c64e5c614123,6011904797188148,2024-06-04 20:38:48,2554.23,Port Donald,Crédito,68,2,0
d2d1ebe4-98cb-4869-9964-858b730bf98c,4424813849559,2024-08-06 20:06:23,2087.64,Lake Jeremy,Crédito,51,1,0
95772ba7-166e-4a59-aa2d-d84f897a61fa,675922133292,2024-08-01 07:49:50,1111.32,Port Victoria,Crédito,69,1,0
350bdb90-97a1-4cc3-b804-6812b33dacb4,30521725607120,2024-06-23 08:27:54,600.21,Bakerland,Crédito,74,3,0
40466aa3-dde7-4d90-9480-fb936d0ff953,376691398118853,2024-05-08 20:08:29,1688.74,Lake William,Débito,55,0,0
820c6306-4369-45f4-9990-a80db1094ae3,4869220859980134,2024-07-29 11:22:34,4714.61,Harveyborough,Crédito,50,1,0
5ec31ad6-16ac-40f9-b46c-70438aa62fc1,4174949062982210,2024-02-20 04:38:50,1616.69,Bettyfort,Crédito,41,2,0
0d1f9fe1-7eb2-426c-b5bb-d5d991555bbd,2466191606844975,2024-04-12 19:29:58,2594.43,East Courtneychester,Crédito,32,3,0
700b6346-6007-47b7-85f0-47311c1be5fc,4958021634200661,2024-04-24 05:50:15,3515.39,Lake Codystad,Débito,77,0,0
518ebace-96ff-4bbc-a2c1-0a5157594900,4719111518719,2024-05-24 09:17:57,1818.78,Jenniferfort,Crédito,47,4,0
ea4cec3e-b3f8-461c-8bed-8a9feb19b6ce,4829940459046405949,2024-02-02 10:19:03,4858.94,Susanville,Débito,72,2,0
f4492b62-7c59-4660-85ed-cb775dbb19a6,4080170790347,2024-01-31 12:12:29,4812.27,Devinport,Débito,59,1,0
4b64df82-4ae4-4c83-9682-45102da9472a,4494567812392,2024-07-28 18:00:56,1259.66,Port Shannonshire,Crédito,68,1,0
6c944976-67e0-4a85-942f-cb39166dd988,3520520405170400,2024-07-28 22:02:47,2486.75,West Maryborough,Crédito,34,2,0
d836cec6-a2e6-45d2-a795-0070ad29643e,2233905988848003,2024-01-23 21:09:18,1505.09,New Katieborough,Débito,22,1,1
2c268b99-49ac-4268-8691-9b0362cb776c,30372769979193,2024-07-23 11:52:17,1424.92,Geneberg,Débito,46,3,0
b964f565-335e-432d-b528-27df1235cbd2,3547028663302235,2024-04-27 10:56:06,185.4,West Derek,Débito,21,0,0
4a98bfe8-df15-4550-b5c2-25d15030a9f3,4653570368162040,2024-01-22 13:59:26,3048.21,North Kaylafurt,Débito,27,3,0
c04f7c5a-2d55-468c-920f-bc8b9c3890aa,370673233103379,2024-01-16 09:33:29,2513.89,Morrishaven,Débito,73,1,0
cf09537a-1902-4813-9f5f-ff6081bf05ef,36193112763009,2024-07-21 06:35:08,258.34,Port Elizabeth,Crédito,34,4,0
9a140b11-0b12-4500-80d8-a6548209bab2,676182920196,2024-05-05 18:19:05,1393.95,West Joshua,Crédito,27,0,1
54ec6291-c3c3-4c2f-ac8f-d68ab9345bf4,30156510093531,2024-03-10 21:01:52,4541.42,Williamshire,Crédito,34,0,0
5c952987-996f-4436-b7d2-a01afd9366c7,4753096575183418678,2024-04-25 23:54:04,1198.57,New Jenna,Crédito,77,2,0
59580557-3991-4861-8774-f2ccb9c55f28,213138895212265,2024-04-09 13:22:36,725.33,Jacquelinechester,Débito,37,2,0
acfeb5f8-a796-45d9-93c4-afc7aa8797c3,4259196404152288,2024-07-01 14:04:13,2447.77,Shannonstad,Crédito,41,4,0
f771c27a-4806-4db7-8eea-cf4f1b382376,4140882436402352,2024-07-25 10:50:00,4928.27,Sharpville,Crédito,22,0,0
0630d0a7-1358-436a-a57e-d4a5935d2cac,340431294421199,2024-05-21 13:14:35,1211.03,New Philipton,Crédito,51,4,0
79051707-3521-42e8-94f3-c0949a2e55a0,4816096914628890,2024-01-08 04:38:04,3361.01,Bradleyburgh,Crédito,23,2,0
f9bb04f7-980a-4495-a6e1-30a3afe32be1,4885524734907380,2024-03-27 22:20:45,3808.34,Jeremybury,Crédito,70,2,0
2450e2af-5016-4828-a327-fb813be56119,3583252376163131,2024-04-02 03:00:49,1188.95,East Katelynstad,Crédito,19,0,0
4799794c-0200-44f1-9188-3582080932d9,4603930136756966333,2024-05-15 05:02:59,3641.35,Amandaton,Crédito,30,3,0
28bbdcaf-74f2-4d69-99ee-03ffa6b88578,4876718750554909,2024-03-03 09:57:00,1839.55,Valdezfort,Crédito,79,1,0
a39efa2d-0648-4cda-a818-62cff1a6ad1b,4102403793615589,2024-01-04 13:28:13,3161.9,West Julie,Crédito,60,2,0
74b19b0e-db6c-4dcb-8f37-5cf58c9975b7,4046638454482956,2024-07-17 16:05:27,3168.02,Martinfurt,Débito,60,2,0
dea4a84a-e0c1-4ff3-9d05-a50c70e6d117,4955797805928742,2024-06-18 08:03:51,2679.34,Kevinberg,Crédito,65,3,0
0e5b4670-8ab4-47bf-af2f-3387a0244a7d,180073749849823,2024-04-19 15:47:00,452.36,Lake Melanie,Crédito,28,3,0
d01f9983-5ae8-474f-86e3-1659143570e7,180071689292913,2024-02-26 15:21:23,4176.68,Campbellborough,Débito,68,4,0
7a38f2b3-448b-48d0-a5cd-d16a37c4ebd6,2273830935928024,2024-03-06 08:52:38,1604.58,North Theresa,Débito,64,4,0
eff50e81-3590-4e79-94b0-fcf45f6b00af,3521771055275705,2024-02-15 02:02:23,933.41,East Shannonchester,Crédito,74,1,0
d97ee641-4b29-48aa-b41c-8e50673df0f7,3565080922747384,2024-04-24 16:25:32,204.83,Lake Brandi,Crédito,40,1,0
3c661e2e-e3e5-43c7-8a9b-e47cb4c48086,676104987414,2024-07-22 08:47:22,2954.87,Leachhaven,Débito,72,0,0
42cfff1d-74d4-4adf-99c4-e4e4f2febf43,502045154809,2024-05-03 15:59:45,3388.14,Greenmouth,Crédito,33,4,0
16b03f14-3a75-464e-b2dc-40ea382afd86,30379068250937,2024-07-22 00:47:12,83.92,Port Christophertown,Débito,48,2,0
bfa38596-b146-4723-8dfe-80b593b92495,4141666502054403991,2024-01-17 23:26:02,2560.95,Susanfort,Débito,28,4,0
d0aa0671-6d16-4984-b639-79716e63a8c5,4454178723662042,2024-03-26 09:44:36,1133.25,Angelabury,Crédito,71,2,0
302f0518-2de5-4caf-bb21-e5fc996fecdd,30282846526851,2024-05-25 16:53:43,3226.22,Gabriellaville,Crédito,33,3,0
0bd3bf12-e969-49e2-828b-ed20b548a804,4466776079484,2024-05-09 21:32:42,872.66,Melissahaven,Crédito,25,4,0
0eb796ac-e400-4d15-91d3-93bdf1126744,6011345981517587,2024-06-09 17:04:51,3455.0,Hunterview,Débito,21,3,0
94b1e209-c497-4e42-b898-30114a929ecf,4584040884057,2024-04-25 02:30:27,1934.29,East Craig,Débito,57,1,0
c61f1817-ea81-4642-ae29-cdecd50b6492,4948277312092947440,2024-07-12 15:27:49,4683.71,East Brittany,Débito,21,1,0
eee82b1f-ecfe-4b33-88c0-4393c8acd5a6,30179525326266,2024-06-07 14:21:13,688.47,Kochshire,Débito,73,0,0
e01a3935-6e4d-47be-b873-e86efff70224,30031216918267,2024-03-07 16:09:16,1705.99,Port Barbara,Débito,42,4,0
d1fbf1ed-46a7-42de-8ef0-2ccc4fd3fc14,4790421940467735452,2024-08-09 09:11:05,568.25,Ashleyland,Crédito,20,3,0
6a9053a5-09e0-4c3e-9369-7d44b403a781,6539675960404495,2024-08-15 01:29:37,4623.54,Clarkmouth,Crédito,49,2,0
8ec4fdbe-ef47-4246-95b7-324e2eae4532,4933569904869474,2024-01-20 17:24:10,4386.82,East Destinychester,Crédito,20,1,0
2613c6e7-4c41-4fbe-bc6d-d5b66d4c22c5,3555682014364630,2024-01-26 18:14:04,1290.45,Lake Kari,Débito,44,1,0
29f406f7-dcc9-43ed-86f0-64abc99062b7,675908566317,2024-03-26 02:03:45,3300.26,Port Amanda,Débito,46,2,0
a29e45ef-41e1-43f0-8e1b-c8d469ba12b4,30316788493066,2024-07-01 03:22:57,4086.29,Munozberg,Crédito,49,3,0
28dd488d-db0b-42c8-9e12-f2f74a1bda13,38419346571449,2024-06-02 14:12:19,2776.45,North Samantha,Crédito,67,3,0
b9d7592b-bb54-4f50-8b95-dd33493ceb4b,3543674291483675,2024-05-24 07:23:15,2648.72,West Melissabury,Crédito,78,4,0
fbfa2dc2-b277-4334-9256-930b519a62b4,4108747156117375,2024-03-02 10:39:19,1210.02,Brianside,Crédito,75,4,0
b1eb14a8-aee0-4dd6-82f9-2d84d4a93cd4,6547796482144235,2024-04-15 06:52:14,466.42,Elizabethmouth,Débito,68,0,0
e3c67148-5ca0-4aeb-883d-a5a76535075c,4469017100085,2024-04-18 03:46:25,4486.18,West Tracy,Crédito,36,1,0
e76ad103-2597-493e-9987-b3abe5376b16,4211544762908,2024-06-24 13:17:50,4502.19,West Michael,Débito,38,4,0
dc2cf125-3d96-4313-bd3f-8f8cb5338d6f,6574935896155298,2024-01-06 14:13:36,3165.87,South Susanville,Crédito,22,3,0
a96f67dd-c85e-4b71-85ff-0613aca6ca48,6011406858480547,2024-01-02 07:01:00,1695.81,North Evanburgh,Débito,35,2,1
c0b31377-9fb0-42eb-9f50-1dae321b8a1c,4343515988254541,2024-02-19 16:50:43,1746.7,East Richardville,Débito,45,3,0
d76d7486-4740-4f50-bed0-075e4142190b,5318903888087740,2024-03-29 10:22:14,3630.05,Alyssaberg,Crédito,59,1,0
966930be-d838-472e-8291-4b0d8effe195,4369505567598652736,2024-01-30 10:29:47,4485.65,New Marvin,Crédito,78,3,0
3929f7e3-9f2d-49de-beed-e50f2b3c8908,3539652442680890,2024-03-27 15:10:44,4435.55,Mcclurechester,Débito,39,0,0
e9767be7-410b-466c-b5f7-d2fb1f13a1f5,4167518368020469,2024-04-19 06:21:48,3899.6,Leonstad,Crédito,38,1,0
be66b675-b094-4fe5-b928-c3691acf0f92,5126230207801573,2024-07-13 11:27:50,3210.52,Nicolefurt,Crédito,23,2,0
c38a4057-c4fc-41d7-9a42-a7af8a438ee4,4603965439900108,2024-05-04 04:06:36,421.62,Fuentesview,Crédito,18,0,0
b832a178-fbb7-4cce-91ce-d6bc42b86e3b,3515523244437268,2024-01-25 04:53:18,808.98,Sarabury,Crédito,22,1,0
aac129ad-4034-4e44-9484-51ec4d029fd2,30460993051994,2024-07-09 21:54:11,4492.87,West Andreafurt,Crédito,58,2,0
e49fa270-1f50-42e4-8758-f2610578fdff,3514309579991868,2024-02-24 08:22:13,3032.54,North Gregorybury,Crédito,29,0,0
6fc65821-d777-41fa-b6e7-7b59661c2073,38119971056357,2024-07-02 14:50:34,46.98,East Kaylashire,Débito,43,0,0
79de27ac-14c8-45b7-9c82-5116da48a19f,5194282066378992,2024-05-30 18:09:47,508.26,Michaelmouth,Débito,63,1,0
ff989cc4-926e-40b7-b4b0-7fc679d60abb,342668431357459,2024-08-05 11:24:18,3317.85,Hillbury,Débito,51,4,0
31e68f6c-f450-4272-b6cf-7eb1a72c35f7,4545556193183,2024-05-03 02:18:15,26.3,New Sarahbury,Crédito,66,0,0
4eb9b50f-42b9-484f-a4af-cd65cefd08de,060477155703,2024-05-16 00:02:55,804.88,Jessicastad,Débito,31,0,0
e9c9460b-be0b-45ca-9cb4-3e0abf191557,180094852468706,2024-08-10 20:35:23,2744.12,Lake Cameronport,Crédito,43,2,1
ed171bd0-9cec-44d4-aca5-2a1a0e9d6046,3555384242849827,2024-03-10 08:15:31,3459.78,Williamville,Crédito,62,3,0
621abf36-fbba-42a5-864f-79963fd2f12b,347764534014686,2024-03-26 23:07:34,3260.15,Kimberlyhaven,Débito,44,1,0
cb06c438-b795-4c91-8635-42bb8d94e032,5585866554210282,2024-06-01 05:52:17,1122.12,Port Kathrynberg,Crédito,26,1,0
16f6f8cc-3216-4835-889a-4df8bd9ee457,4718088013232392,2024-07-27 11:28:31,3561.18,New Thomas,Débito,43,4,0
1b86d82d-9fb8-4f94-a193-7865fdd0de0e,4908578460274269,2024-02-02 01:57:21,1187.01,Williamsland,Débito,74,4,0
49adb17a-0825-4edc-b22d-ed40d7aee2d0,566310064407,2024-02-20 14:16:59,1627.67,Lisashire,Débito,64,1,0
f4c36ac9-324e-4683-8348-2275fa98816a,4877026331692879196,2024-01-10 11:05:26,3732.71,East April,Débito,74,4,0
30527f03-5202-4960-a2f5-926704175a0a,4325668662510,2024-03-05 03:14:32,3248.51,South Derekfort,Débito,39,2,0
8ded2f19-002e-4037-a72f-fd7d5c6baee9,3521507702478197,2024-04-26 01:50:13,4246.27,Crystalmouth,Débito,64,1,0
8cfd2fe5-9eb0-4eef-a5da-bdc8a1d470de,5561141487689137,2024-04-07 23:07:13,3288.41,Crystalfurt,Crédito,73,4,0
7b03ad67-a7a0-4945-bdcc-a91b27ae77f3,3567854479012980,2024-06-12 08:03:14,2841.97,Andrewshire,Crédito,47,1,0
89d04176-3866-4d93-aea8-e6cc31c1b925,3503982709652692,2024-08-15 08:38:03,469.28,Port Theresa,Débito,60,3,0
5bfbf2e7-fcbf-4b6d-9444-5a764f1a1ce3,5456318457572943,2024-01-23 08:00:13,1839.21,East Anthonyside,Crédito,65,0,0
ea1d89d7-5e9a-4032-aeba-de1407ffca63,377996825261815,2024-03-09 09:08:28,1326.75,Heatherton,Crédito,78,1,0
5e2fb1b9-b95c-49ee-8794-6ec352833c4a,2298026021991957,2024-06-15 00:53:47,1220.7,North Pattyhaven,Crédito,34,0,0
a78bacea-218d-4608-beb4-b808e87e0b81,2249111548496209,2024-03-11 22:57:02,4865.08,North Darius,Débito,43,4,0
512a3e64-81a9-4c2a-9fd3-06d28b53380b,371619493132367,2024-05-31 01:20:47,1966.1,Lake Jacksonborough,Crédito,53,0,0
5e9ea060-a8e7-46b9-a09c-4e0bbc87b2fc,344787997683005,2024-04-25 17:44:10,4460.34,Jonesview,Crédito,18,1,0
809f956a-d633-4cfe-96a5-d7aaecb53381,30158853259372,2024-08-04 10:39:28,3156.06,North Kyle,Débito,25,3,0
402adeaa-079f-4526-a23c-f1469a88071e,3596630524734884,2024-01-08 00:59:03,3974.26,West Stephen,Crédito,66,4,0
87dfa10c-0089-4052-bf9f-91bb24ece1d9,2720384760354723,2024-01-31 18:21:42,2513.68,West Amy,Crédito,52,1,0
5be988c4-6454-4ed8-bccc-251ba5904c3b,060493726727,2024-03-19 09:31:11,2884.94,New Dustinfort,Crédito,78,4,0
76b9a5b8-893a-493b-8cb1-7ee3781e3960,6527435053000187,2024-05-08 03:19:46,2463.1,South Emily,Crédito,69,2,0
b9ac0264-fe43-4d02-945e-122e7bc3a46b,180075954732461,2024-03-25 00:30:29,977.02,East Ashleyberg,Crédito,32,0,0
0f9a868e-128d-4ecd-9f2e-b199311f1a98,377232571995418,2024-01-30 15:36:27,3612.54,North Danielleland,Crédito,64,2,0
6771edc8-ae0e-4b3c-8ab1-52ed98a65149,5300089617019996,2024-06-18 21:03:27,1404.58,Davidhaven,Crédito,73,1,0
8ad53220-7864-4f26-a91d-9ba0d7545e3f,4322190875176721685,2024-03-20 22:19:45,122.56,Williamshaven,Débito,39,3,0
ec3f8527-66c8-4104-801c-9cf52511af8b,630441229188,2024-01-14 00:23:42,3227.72,Thompsonview,Crédito,31,4,0
2e14c8e9-2e0e-44c3-a187-b6ce79d1d54b,582704627519,2024-03-23 20:00:11,886.38,Lake Jimmymouth,Crédito,43,0,0
926a8c37-7b03-4b82-b48a-d92446f8204a,3567616557194778,2024-03-21 18:09:18,4702.35,Sawyermouth,Crédito,45,4,0
d76f67ef-76de-4948-b9ad-3c72065fa7a1,3558168612430525,2024-05-27 18:57:03,4769.69,New Loriside,Crédito,40,1,0
f37efd53-184e-4324-8a48-6acbcca96335,3543052349444934,2024-06-06 03:10:09,4574.41,Huynhfort,Débito,31,4,0
115aa721-fbfa-4158-91ca-bb4d76ed604e,4666173638681793,2024-01-30 21:44:35,1851.42,New Teresaton,Débito,41,0,0
431b955a-f62e-4aa1-8555-7dc1fb905b63,213181381101204,2024-03-29 13:49:01,78.27,Petersonside,Débito,19,1,0
1e95f0b1-7814-43e6-a57e-a9e73220ae2f,676351111684,2024-01-21 21:52:06,4641.66,Russellchester,Crédito,62,4,0
e588ee39-0433-4ef5-98c2-33349ef80c35,376107237149520,2024-04-05 11:04:33,2141.49,Melissastad,Débito,43,3,0
afe441e5-3604-4a05-bf21-41fc12eb8ee3,3503525772790624,2024-05-05 23:53:37,4833.31,Port Richard,Crédito,31,1,0
dd942e05-8e11-4ae5-ac5d-3eaa598dc989,4809520530342882,2024-07-14 02:58:40,4818.14,East Samuel,Débito,76,1,0
0dc546bf-49a6-48f9-b640-16795ba0c2fc,349332634677501,2024-06-19 02:44:16,4265.19,South Katherine,Débito,73,3,0
59d36150-10ac-4836-8c1d-52abc60bfb76,30585926654959,2024-01-12 14:03:55,1472.95,Jessicachester,Crédito,68,2,0
871b1a04-532d-4a3a-b4aa-e99fed271da4,3544594792697426,2024-04-03 09:44:50,1926.1,Lake David,Débito,24,0,0
4469ee37-ba8f-4470-b88e-86e69ad20f7e,5536223998789168,2024-07-20 01:23:56,4255.83,East Robertstad,Débito,20,2,0
310867ac-f3b9-4b96-ba41-0bdc37fb8a78,4302824686209578,2024-05-27 05:03:19,1585.29,New Joshuaborough,Débito,64,4,0
f02c76fb-3726-4f1d-919f-2e85f8140b54,349038069785798,2024-02-12 18:50:36,848.29,Shawnport,Crédito,40,3,0
4bd75691-d14b-40a2-8aac-41935437a487,6562921158005227,2024-03-14 09:58:21,2784.45,West Charlotteberg,Crédito,63,2,0
ecf6800b-6d3a-4d69-89a2-c5bb5bab25b9,3570952429563592,2024-01-28 15:55:58,4680.84,Port Katrinaborough,Débito,60,1,0
1718f6d6-560f-4e1d-961e-dedb9cf1130b,4644527863474378987,2024-05-22 10:40:26,3480.45,Port Anthony,Crédito,64,4,0
2347daee-d62d-4f95-97f0-4c9d5fcef712,4596976291618869,2024-01-11 07:38:56,2850.74,Jonesbury,Crédito,77,4,0
b65d988a-d4e4-46c4-9e98-0fd47f0e4f9a,4596328596935193164,2024-06-16 07:56:05,486.79,East Michelebury,Crédito,62,2,0
90dd5a9f-097c-4cbc-9cb5-8cf95b5c6f8f,180004625767565,2024-04-18 15:36:25,3075.42,New Lindaview,Débito,35,2,0
b765e7ab-4bce-49dc-a267-742bd811c3d6,372224983814621,2024-01-01 10:58:33,4950.28,East Andrewside,Crédito,75,3,0
20286a73-e142-48e1-b3ac-6d8ba417a04b,6572003628551755,2024-06-25 16:38:09,701.28,Sampsonfurt,Débito,55,0,0
604b337f-1063-4854-9fea-8e64cd786534,4979564562213292,2024-04-11 03:11:23,2592.13,Greenmouth,Crédito,52,2,0
535424cf-a6dd-49e7-a920-13f5d804f136,3550245288233892,2024-03-21 12:51:38,4386.99,Leemouth,Crédito,68,2,1
684eaa2f-166b-4391-aca5-4d853519e9ae,6528837007089332,2024-02-29 15:56:24,3704.1,New Kyle,Débito,32,1,0
f9a57aab-143d-457d-8cc3-80ae02afe325,4663796291853278558,2024-02-02 15:32:26,3485.38,Halefort,Débito,42,4,0
62b0a535-63bf-47a7-9c3c-5d85b6a8d002,630492659515,2024-01-31 14:49:45,3512.72,Erinport,Crédito,72,0,0
7241af10-fbf7-4e34-a509-9b8eac4fa715,3590701383993683,2024-01-05 14:49:54,1798.1,Hughesshire,Débito,54,1,0
7fed6973-0ad6-4ff0-80ad-97b1b9d69b77,30534512570351,2024-04-08 15:37:20,1468.67,New Kathleen,Débito,45,3,0
fe290833-c3c1-4300-95a8-3c66fb8417b5,4207728135391067,2024-08-06 18:16:18,4047.0,Josephberg,Crédito,27,3,0
7c23ccee-b700-45f1-8437-764f02367b99,6540872562183182,2024-03-30 06:18:11,4050.76,South Erica,Débito,56,2,0
d652e241-f9e2-46db-b4fd-5ab409c93b26,180018133867345,2024-01-12 19:16:07,4335.49,North Jenna,Crédito,74,2,0
c9b8bfd3-9f1b-4818-9547-e4c2e892b4e9,502099393626,2024-07-03 03:12:09,4566.29,Jeffreyshire,Crédito,34,3,0
3eda5283-6a97-42ac-929d-e31c872a43d3,4992659155453938177,2024-06-15 07:28:09,2557.2,Kathrynstad,Débito,56,2,0
c1e95c04-2f14-402a-be06-71596450914e,3572020537312563,2024-02-14 00:12:04,2508.08,East Katherine,Crédito,39,0,0
b56ab273-3ac4-4cea-94ea-f26d95de7f00,4625237234902505,2024-07-24 00:31:42,3991.68,West Benjaminfurt,Crédito,43,2,0
908b4d60-e37e-4a28-bbdf-73f65c401e20,4519039880125129,2024-08-16 04:57:52,3250.17,Amandafort,Crédito,79,4,0
76000d00-48ba-4203-a79e-d08a539c8e80,372309385333575,2024-01-16 18:19:54,3510.13,Bobbyton,Débito,61,2,0
059b1180-3ad7-46ab-95d0-5ab91a09eebe,213130020739742,2024-01-07 16:15:35,3979.17,Millerchester,Débito,42,1,0
f78c6e76-f867-4daf-9aed-e705fe893849,4243715282652478837,2024-07-02 11:03:44,4450.14,Benjaminhaven,Crédito,34,0,1
e4cda3c2-884b-428e-a092-3c29c4c14301,3535643587015335,2024-02-24 14:24:04,1690.64,North Meghan,Débito,30,1,0
0913499f-95b1-4c0e-875e-2fedf9cdd610,4125724393880,2024-07-01 20:00:08,1878.54,East Isaiahton,Crédito,37,1,0
81de2715-721e-4a9a-9bf4-de2fa33e8a07,30291452506099,2024-04-08 20:01:32,470.82,Richardsonside,Débito,42,4,0
11fb1e7e-4358-4937-92bb-e089220b2fa2,676195137879,2024-08-03 05:19:20,2891.82,Port Davidmouth,Débito,21,0,0
e2c1933b-b009-4bc8-b8cd-d2be42e0f846,639091555925,2024-06-13 19:41:32,180.68,Lake Amy,Débito,27,0,0
ea9453cb-c4c9-4fd7-a62f-0e5df143eb3a,38673396362709,2024-02-28 15:05:03,2328.52,New Reginashire,Crédito,20,0,0
4d91d232-fdf8-4f6a-9ee5-e95062bcc44d,3519541219263630,2024-03-11 15:58:37,2713.68,South Jeffrey,Crédito,58,0,0
4aab82fd-6d01-411b-a503-0565a4465dcd,6011018090170651,2024-06-08 23:45:14,1433.42,Beasleyfurt,Débito,62,0,0
aca2b75f-5fbb-4d40-8925-38b00f4d8f2b,4868865415706804184,2024-08-22 21:57:44,2954.58,Sawyerstad,Débito,35,4,0
6b8d2b85-148e-4db7-a770-bcf74643332b,503804589482,2024-06-26 12:26:52,153.47,Crystalside,Crédito,64,2,0
760019e2-ed06-487d-8a49-7e2943764548,2244127985273468,2024-08-06 04:50:10,187.7,West Dawnmouth,Crédito,53,1,0
abf8452a-9bce-4448-8876-ce93beb3ad2c,6565561426568916,2024-05-17 13:49:35,4113.18,Valeriestad,Débito,64,0,0
dd001208-5078-4be1-a0d2-bad0af4841f5,4787510849832281,2024-06-14 23:47:40,1801.59,Christineville,Crédito,39,2,0
a8209f8a-c10e-4b89-836e-a36c00c2ddae,180077720294891,2024-01-06 17:55:34,636.18,New Kyle,Débito,51,2,0
49b66e36-f19f-4510-86d9-89b8d9c947b2,4742794865948577,2024-08-01 15:35:55,2611.69,Mercadofurt,Crédito,64,1,0
31a15ef5-32ab-4db7-b97d-8024ce427139,4752489533164726,2024-01-18 08:45:18,3850.2,South Adrian,Débito,25,4,1
f19885d0-2229-4703-8937-c492e3f03deb,30117985843974,2024-07-14 13:20:27,1079.89,Port Timothyview,Débito,57,3,0
1bbd7903-46f6-4b29-a40b-4103d7db293f,30072305482542,2024-08-09 17:31:14,3114.83,West Sandra,Crédito,66,3,0
c9f058af-a228-40ea-8e70-0597b7324956,5176934262734798,2024-03-21 06:49:17,427.65,Johnnybury,Crédito,61,2,1
49ede593-2a4a-48e4-a4c3-9b1e315e92b2,3596514769293485,2024-03-09 10:03:10,259.36,West Jared,Crédito,36,1,0
d6e8416b-bc96-4a27-aad8-33a8f479a4c9,30158653198135,2024-05-27 11:00:42,2657.24,Lake Denise,Crédito,59,3,0
106ac80a-2725-4cb3-90a3-cdc1b43d81a7,4361938560960,2024-01-24 06:44:49,2703.63,New Trevor,Crédito,58,2,0
d3139914-74b2-495a-b1b7-213862f004f5,4209277961146409,2024-03-13 07:47:27,3187.51,South Joshuamouth,Débito,54,4,0
2338c375-f9db-4d7f-ad63-1f35ec5184bb,2504310749266318,2024-05-01 09:13:25,3630.73,Lake Michael,Crédito,23,3,0
e90698c9-6aa1-4002-8d9e-5dadcaceb9f6,180082035943372,2024-01-25 04:25:21,4879.28,New Susan,Débito,69,2,0
a7afd247-d9db-40ed-a4a8-2815b9024674,4166581327924810939,2024-08-12 07:34:49,2581.99,North Juliaville,Crédito,43,2,0
95c1cf71-abe3-4a0d-9e9a-2bcd69b099fe,4695893235606431,2024-07-22 19:50:15,1615.46,Davidshire,Crédito,51,0,0
91e45ecb-9ba7-44eb-ab5b-bb2c5a34cff0,3508581903453066,2024-01-13 00:49:08,3976.14,Lake Andrew,Débito,76,4,0
ffc413e2-dad5-473b-8c44-cf95cd03839e,346845200962943,2024-08-05 12:15:29,1354.89,East Sean,Débito,73,0,0
907b7cfb-496c-4aaf-a14d-5d7008ab745c,6529943260860796,2024-02-18 19:35:20,2195.42,Port Ronald,Crédito,76,1,0
9d7712cb-fccb-40de-979f-71ed4479ccc8,6566900542000850,2024-03-15 10:25:22,393.2,Stevenstown,Débito,62,0,0
5bc681ee-2181-4c6e-a4f1-321cbf5dd63b,6011379988963692,2024-07-18 17:58:26,127.73,South Sarahtown,Crédito,23,0,0
49be3ce1-f01a-4b75-b1fa-fed2d413ffd3,180034222183007,2024-02-06 07:34:28,4813.28,Robleston,Crédito,54,3,0
48a67e65-3d66-4554-a38f-d42bf13d7eb7,4414912422011922,2024-03-06 12:03:34,4180.06,Port Carlamouth,Crédito,74,2,0
fd0d0cf1-cce1-4dd2-b59e-5c489b9bca3e,4782876186190103,2024-05-02 18:43:50,3480.18,Stephanieview,Débito,50,4,0
8c6b4e7b-e698-47bb-ba28-e01d17d64645,4849032685410,2024-05-03 23:07:49,2045.36,Stanleyfurt,Débito,70,0,0
18615cc2-7745-4fd5-b05a-c451921c563e,4882728321673510440,2024-01-01 04:35:24,867.3,Matthewchester,Crédito,39,4,0
3b97a8bc-0f55-4236-987e-c4b80af550da,4251221879250066326,2024-03-08 23:35:41,783.03,North Wendyview,Crédito,38,0,0
4c7f694f-89a7-4268-97e5-43206d80472f,30013582430143,2024-03-01 18:28:14,1251.96,West Amber,Crédito,23,1,1
88e1f233-5b87-46ff-a66d-83de5d69deab,30118189080876,2024-05-26 13:16:08,2746.58,New Julie,Crédito,23,0,0
a59a975d-c5c8-46aa-8323-e86b3866015d,3577436128593731,2024-03-21 03:58:00,3573.27,Jamesstad,Débito,72,3,0
118f1117-cf75-48bf-87f8-5f8c4bfa7957,4913763979198505,2024-08-05 11:26:16,3301.33,New Jillian,Crédito,65,2,0
849fb15a-82cd-4686-8367-412ccc9d8055,4849078387789533,2024-04-26 01:53:19,1400.39,South Travis,Crédito,21,1,0
9a62b185-f665-48c6-bfb6-a0dcffd0bc5c,3543574324945361,2024-05-07 01:27:35,4774.37,Ericport,Débito,47,0,0
2e3c8273-1faf-4130-a55a-c980f917862d,3534091605495595,2024-03-12 18:51:13,3689.75,Cameronmouth,Débito,28,4,0
3487e9fa-99de-4be1-9ae4-3089a1cd3eaa,213151852622756,2024-03-02 16:45:08,2772.22,East Christianchester,Crédito,79,1,0
7a290c2a-2b4f-4c36-969d-8efebb56f1fe,675913625462,2024-03-21 11:27:19,3058.99,New Samuelside,Débito,79,1,0
cf45a66b-598a-4872-9d65-6e5168187c21,30508175770185,2024-02-16 06:37:57,2098.58,South Antonioview,Crédito,47,0,0
0c799c59-c34c-4fa2-9ec1-1e33a69cd993,4674076003897888,2024-06-27 09:20:14,1239.41,Kennethstad,Crédito,48,1,0
5f74b7a6-3179-41aa-acbc-6a9a657fbd1f,2510992477927609,2024-08-05 19:59:59,1780.51,Powersberg,Débito,41,4,0
11dc34e4-a07f-4710-a527-0c9cf01a4dfc,6576805427045771,2024-01-24 23:17:53,3789.47,West Ericmouth,Crédito,72,1,0
3a6d2a19-db95-4512-b58e-248f2ff80bcb,4469769452213,2024-02-20 07:45:37,72.95,North Bradley,Débito,26,4,0
62f6182c-738c-4c51-aa6c-d6b301f1d5f0,676113426354,2024-03-10 04:40:12,581.25,Christopherland,Crédito,72,0,0
1dd3af95-cf32-4a46-8b6c-46dd1ab2a91e,30233177363778,2024-07-18 18:12:45,230.97,Alexanderville,Crédito,20,2,0
c45c1387-fdca-4ba9-86eb-95d8cd114f71,676320273086,2024-05-14 08:22:52,204.6,Donnashire,Débito,68,1,0
d07d694d-6dd5-4283-ac7d-d11ed98a5b5f,3536949842083490,2024-03-14 14:38:43,4277.45,Jeremytown,Débito,48,2,0
f1d55e0d-5132-4499-8e7e-311bce93a1a2,180007615788202,2024-03-16 17:44:37,3518.59,Derekshire,Débito,57,4,0
91bb3a48-248f-4712-8fc0-bdcfcbd612fe,6537468077911848,2024-04-28 05:56:09,2371.39,Owenmouth,Crédito,54,1,0
85782f94-3385-4cb4-82f5-10d430ca3c10,2386860248634815,2024-04-11 07:23:25,490.07,Brianland,Crédito,53,3,0
4abf0926-693d-425c-a2fa-7c3df4d909f2,378431350900545,2024-01-29 15:00:53,2458.59,Derekburgh,Crédito,41,2,0
aac3f2a3-3ae4-4735-92c6-dfb6dd869c0d,3524270659046676,2024-03-13 19:29:32,2367.89,North Nicolestad,Crédito,48,1,0
ef46d8f8-fa8b-46c4-b9e1-58767ca997c7,4885376166871513656,2024-01-02 10:13:42,866.84,Stricklandtown,Débito,23,2,0
008e340a-a89e-4e94-a0a4-dc494f5dcf31,4365563513979250,2024-03-26 17:07:51,2169.82,West Melinda,Débito,19,1,0
74f8b342-0b38-48fe-bde4-23a6ff685b58,2555988483696911,2024-04-03 09:49:05,1993.13,East Gailland,Débito,37,0,0
9b6e535c-384c-4f93-85a0-1ca7ccfd3155,4794483185291934312,2024-01-20 05:31:02,3079.63,South Barbaraville,Crédito,45,2,0
b0c7a5c2-cd36-429a-a91d-8f17b617ed61,3512565868609758,2024-04-02 02:32:27,3175.83,Smithland,Débito,28,3,0
17be18de-6bd0-430e-b12b-47b6cbe9d14c,4862524084643664006,2024-04-09 04:54:49,227.47,New Patriciaborough,Débito,21,3,0
d04d9b0b-152b-4104-959e-9fff46c52226,3513957901435169,2024-05-21 10:14:50,1873.69,Kingview,Débito,32,4,0
b42c9a95-d19f-4124-ab65-e69045213d67,341808858851136,2024-06-13 12:10:39,3129.67,Andrewfurt,Débito,23,1,0
768cf2b9-85c3-4632-8a94-98694633b497,2272490081802241,2024-03-12 06:20:40,2516.18,Wrightbury,Crédito,71,2,0
bd29fbae-d13a-41e8-9c10-1ac4f4888728,4769971653793625,2024-08-13 08:28:49,4282.59,Jamesshire,Crédito,66,4,1
735a62a3-0a05-4b34-afba-b8900b547b67,4685437470593862,2024-01-05 01:09:06,3293.81,Lake Bryan,Débito,47,2,0
8d2f367f-7203-48c6-b897-9fa88e90ad02,2667641619395495,2024-07-11 22:26:31,815.51,Shaunside,Crédito,73,1,0
ea790c46-3989-4609-b7b0-d82fd4d9f6fa,2720397669002722,2024-07-28 18:55:27,353.77,North Timothy,Débito,55,3,0
74584015-dbe2-4549-bda2-076b7aac0da0,180091323289067,2024-06-08 07:02:39,3212.45,Roberttown,Crédito,68,0,0
25d85ca9-81cf-4a1f-b1e5-80b0818e2039,30548267854331,2024-08-01 12:04:03,133.53,Bassside,Crédito,79,3,0
a08d5eb7-a09d-4ad5-9a14-1487941f8a76,213115038439310,2024-06-13 03:01:02,2929.29,Audreyland,Débito,74,4,0
816aee3b-ddc9-4c50-be22-9e126679a56e,3586563053291400,2024-03-06 03:31:33,4701.21,North Rodney,Débito,19,0,0
fb5e548e-3217-445b-8e2d-219536d8f779,4639445373773,2024-02-12 21:18:00,2877.8,Kimberlymouth,Débito,32,4,0
ab60f48d-cbab-4751-a1b9-57c970d1e033,4798492613003983053,2024-08-11 00:15:23,1941.46,East Ronaldchester,Débito,28,1,0
16dba435-6f7f-458c-85b1-b9b6a3b8bff3,2228665799016441,2024-06-30 05:46:56,3216.8,Charleschester,Crédito,25,0,0
0b105117-320f-4626-9a5b-f077990a5e13,2245530965333609,2024-03-31 08:04:14,2291.81,Philipville,Débito,43,4,0
41b645a8-740b-4fbf-b8fa-defa850fd4c0,4475830502290,2024-03-14 02:35:34,2728.54,West Cameronmouth,Crédito,68,1,0
71cff5b7-fa8f-4068-a880-bce6fcb2270f,4696114764336,2024-03-09 16:16:31,4707.38,Nicholsonshire,Débito,62,3,0
f736c152-aeb8-4a0c-994e-2d2841fd6a22,2244158925385856,2024-03-11 04:06:23,1931.13,Lake Sophiamouth,Crédito,61,1,0
aed5b473-f5b1-464a-b3c5-f512a64d8044,4540396417782787,2024-06-10 20:16:44,4805.99,Port Katherineborough,Débito,22,2,0
0f47b4a8-bd5d-42b8-81d4-c5ff8edc4784,3558204380657633,2024-03-26 21:32:33,4526.85,Carrieview,Crédito,23,1,0
fc6507d7-a879-4519-8dcc-b27aaaac26aa,348427917272938,2024-01-14 11:29:00,979.76,South Billburgh,Crédito,43,1,0
82fd16b9-f8d9-4e15-8176-f1e916b6c296,2720829358287545,2024-07-27 15:11:19,347.74,Johnview,Débito,71,2,1
5036af81-5afc-4f80-982a-0268fb588615,676212611104,2024-02-04 07:19:23,504.79,Lake Martha,Débito,21,4,0
fa3f0043-4ee6-4193-806b-1fe3fd518695,340907106081958,2024-08-07 16:33:39,92.09,Lake Dave,Crédito,36,4,0
da815bf6-4a78-41ad-a043-1099cad8c3bc,6500033982439062,2024-01-21 13:36:41,473.12,Hopkinshaven,Débito,37,1,0
e3d4860b-3729-425e-a731-76d927721291,2262960458157272,2024-08-13 23:05:49,3415.35,New Williambury,Débito,50,2,0
8506f31f-6885-4cb0-bde6-838d34e1e1db,4251105782232263,2024-01-13 10:55:44,356.87,Simpsonchester,Crédito,37,2,0
2c1073de-e52b-41a2-99f7-6a805ab3ee99,4564570691945390,2024-07-30 02:32:35,1595.56,Lake Elizabethfort,Débito,66,3,0
2fbf2c5b-39e8-438e-b595-b1050cdd1231,30439148387834,2024-05-11 04:45:47,4224.53,Port Crystal,Débito,29,4,0
10bba480-09a9-4272-9176-f555743c1137,6550728900087104,2024-06-12 08:16:13,117.34,South Matthewside,Débito,64,0,0
0dec0600-73b5-469e-b103-eadd139b063f,4470501531785,2024-05-11 16:38:37,4072.53,North Jessicashire,Débito,18,4,0
8072c6e9-b5de-4e4f-a8da-2bf5530ef98b,6011497570430241,2024-07-07 13:41:28,1409.99,West Michaelbury,Débito,43,4,0
c4631e45-12bd-497a-bbba-db580f69913b,3541655332941807,2024-06-29 04:05:30,591.71,Lisaton,Débito,31,3,0
a7d5ecd2-3a99-4622-b258-e31c5ab81ac5,4547620533964,2024-07-22 19:04:11,3483.99,North Travisberg,Crédito,55,0,0
6c839556-9a51-4dec-9e2b-6ea40301e284,6558548820128073,2024-01-17 18:04:20,3145.09,Amandafurt,Crédito,54,3,0
a205b94d-aa46-4794-b0af-22d4bf5b2dbc,36171928044913,2024-03-18 22:43:06,4387.48,South Kevin,Débito,79,0,0
c971f92d-24af-41a8-8339-0d225ec2b6ff,3549441271046110,2024-01-14 21:27:08,3675.62,Port Joshua,Débito,28,1,0
6a72423f-952c-4e5e-a1c2-eb1011c879f2,6011194045185480,2024-01-23 10:26:47,4017.6,Rogersmouth,Crédito,53,0,1
9dd41a8d-6de6-4b6e-9b23-ab995c52e77a,4564576218124609,2024-01-01 01:41:05,1410.89,Taylortown,Débito,30,3,0
2b00e91c-a8c0-43bf-a901-838c0e4b5d40,3577243058628242,2024-06-09 16:36:19,888.02,Port Robertmouth,Débito,60,4,0
4cb1ac23-e84f-481f-92db-c456044b01d3,4904791764251823293,2024-03-12 01:07:15,3753.32,Dixonstad,Crédito,20,0,0
74de1136-f0c1-4470-a0af-232645323ace,30529919112252,2024-04-24 00:48:18,4034.37,Lewisburgh,Débito,50,0,0
98d8172b-7173-4b0a-8259-65edfad7ad41,503804529579,2024-05-15 17:31:35,4952.54,Lake Kara,Débito,23,2,0
f0d223b1-f3b6-4eb8-bd88-8f1647173a6a,3593734166206228,2024-05-17 15:12:18,2063.68,New Erik,Crédito,67,4,0
fbddcbf6-814e-4880-ba20-dfccc924d302,4838860527985995,2024-08-22 01:03:42,1860.72,New Mariaberg,Débito,73,1,0
c95a62f7-2aa5-4fb8-ad9a-bfcfa5b26a5e,345627110428590,2024-06-05 11:30:34,3882.29,Pamelahaven,Débito,27,3,0
edce466e-32ff-4c9a-83ae-dcac3c267774,6011546275631196,2024-01-28 14:41:52,1704.68,North Rodney,Débito,22,1,0
33835938-b880-48b0-b185-78b9f857b3f4,501880533945,2024-02-20 11:29:01,4653.86,Johnnystad,Débito,40,4,0
12843bb7-40c6-43ed-b2fc-5ecbcc4948f8,4114631881138,2024-01-15 02:44:03,4292.21,Williefurt,Débito,27,0,0
d208c768-5a0a-4c58-b438-47eb0eaf3f2d,4878907413311959,2024-07-03 23:07:56,2145.54,East Ericbury,Crédito,61,0,0
b3e047af-21fd-41aa-893e-f4988f7305fe,30301050003124,2024-06-11 12:32:57,3754.6,North Michaelville,Débito,19,4,0
dee4985c-951e-4a15-941a-a67aff6cbec3,3508656627003270,2024-07-22 15:20:39,3772.96,South David,Crédito,30,0,0
f831021d-ea09-4c2c-a171-cffaeab6b8ce,213194554572986,2024-04-26 09:42:22,516.52,Tateberg,Crédito,57,0,0
2de35c17-8687-4157-afdf-5abfc3c77872,4939165244463,2024-06-16 13:13:54,4512.86,Lopezfort,Débito,19,0,0
5943f291-ac59-44b5-aa54-5de081df9373,2249550880679924,2024-02-17 13:59:09,2526.76,New Dwaynefurt,Débito,37,3,0
0c6577da-ac2a-42f7-8b82-5cbc1905ec42,378177055104095,2024-04-30 04:39:46,4132.46,Collinsmouth,Crédito,18,3,0
fb206255-ebe1-4630-8fea-c6f0dfb766c6,5525928539607165,2024-04-28 02:38:31,1600.93,Emmaview,Crédito,54,2,0
e9a3ce3d-eece-47cc-a966-275f6694e689,180000507203570,2024-08-09 06:40:01,4477.72,Gregoryside,Débito,26,1,0
e20117ad-cacb-42f7-90f6-5230bdd5f7a3,3516160743352679,2024-05-23 16:48:03,1946.62,Walkerborough,Crédito,34,4,0
638413c7-44fb-4345-8cc4-2a02925cd141,30461841802646,2024-04-27 04:42:13,55.18,West Benjaminport,Crédito,26,4,0
3278d76f-0ba9-4591-a60c-d8c56843b7bb,3584625880759289,2024-03-11 10:43:25,4527.0,Haleyborough,Crédito,28,4,0
ad111e43-cbbd-40ed-96d5-7bbc5304a950,5537112710524814,2024-03-17 12:38:49,457.34,Cynthiaton,Crédito,32,2,0
fa8d9063-bb1f-428b-90a2-814dceaa07d6,4494675980259368866,2024-06-16 06:52:06,1597.25,South Vanessa,Crédito,41,3,0
cb3219e7-7e94-4706-85a0-0f7b0cfa8b61,342454759648831,2024-01-20 06:15:59,4750.36,Lake Jessemouth,Crédito,55,2,0
d5a382e9-7ccc-422b-9f11-bbefb9af2941,4336162736631648067,2024-02-10 06:45:37,4753.09,Kennethhaven,Débito,72,4,0
50f70635-9468-4d4d-8107-026211ca7d5c,36012212931771,2024-07-04 05:29:38,2867.62,Davisland,Crédito,52,1,0
f9e54bac-73c3-4ebb-a263-e7ac44718aa7,3547427467919998,2024-01-30 07:56:05,3159.55,Angelicaville,Débito,47,0,0
f868ac79-2079-49b1-ad21-599d4cbf5f45,4905123981944547,2024-06-17 02:42:45,2242.78,Gonzalezton,Débito,48,3,0
060aa6a5-d685-4de5-bce3-40577a60bc6c,3565763972381077,2024-05-16 18:38:22,1466.76,Port Michael,Crédito,66,3,0
26c7dec2-7ca4-48c5-ad20-d7edf2f31c8b,6011727244239267,2024-04-30 21:47:59,1643.99,Garnerfort,Débito,22,2,0
8e71bd31-af54-4263-a5ed-5e794f77fbb7,4601244979304598,2024-01-20 06:26:52,3362.92,North Amychester,Débito,79,3,0
66f7372c-f531-4720-b885-2ba20bee001c,676150033915,2024-08-11 11:45:16,3762.12,Adamsfort,Débito,77,4,0
99a92174-0acf-4eb2-82f6-bb6142d24ca7,3566157669565853,2024-04-18 03:10:09,3958.1,New Kristin,Crédito,61,4,0
54f42a6e-e3da-4165-b452-081a0e6cda42,4824885730823176,2024-07-02 00:17:16,3948.3,Lake Debbie,Crédito,67,2,0
d3138bc7-bc13-4433-b9d2-7b6fb0fa830a,574549176083,2024-07-15 20:01:59,456.94,Garciaville,Crédito,31,4,0
4a18b136-5914-4646-8b43-331b30b9f808,30170078434870,2024-04-04 13:32:50,2472.61,New Amyberg,Crédito,70,1,0
7730de85-dc7f-49a6-b299-94241ad6f610,375147963927732,2024-06-22 06:43:48,288.74,Masonview,Débito,73,2,0
b7ec7e23-9fb3-4466-a716-64692b51c9d9,675932988545,2024-02-24 14:42:55,2748.09,Caitlinview,Crédito,28,1,0
fc4b2a12-c4cd-40a9-b105-119a15366c36,502070067561,2024-04-14 15:44:20,2208.21,West Danielshire,Crédito,26,0,0
0eb273c7-fc71-41aa-8e62-faffe5e9f639,4122313036632,2024-02-28 08:40:45,4438.63,Mitchelltown,Débito,51,1,0
98855444-531c-41e8-b3fd-0a4432fa350b,213143374411453,2024-06-15 11:39:11,1755.22,Lake Lisa,Crédito,29,0,0
87f4fab5-32c5-4f30-a53a-d81205a360a1,213137549717364,2024-04-04 15:33:26,586.22,Jeffreyville,Crédito,52,0,0
1cafbb65-27a9-4187-83d0-bb24a223d080,4296679054130631978,2024-03-28 09:38:38,715.82,Candaceberg,Crédito,52,1,0
a6041406-a7a5-4008-accb-dcdd6f4bbc4a,343507945018299,2024-01-29 20:34:05,3807.79,Gillbury,Débito,18,2,0
17fb5c60-ba88-44e5-ba05-3384d36f5e4d,6569453219789865,2024-07-22 11:26:22,3091.47,Molinaberg,Crédito,57,4,0
13817c2b-6ab7-4c71-bf0d-83c5546faaf2,2295975095537703,2024-02-03 09:59:44,506.51,South Ronaldmouth,Débito,39,4,0
be370103-471c-4c60-92fa-98b99f1adb38,3553338335307467,2024-08-18 04:00:49,421.45,Lake Ryan,Débito,77,0,0
15223335-eb4f-4b12-b731-fe3067d099cf,180023123573234,2024-01-22 07:58:01,3505.14,Nathanside,Débito,46,0,0
670d1e7a-dc89-4d5d-a610-1ee7f1e9a8e6,3587077863294594,2024-01-24 00:08:57,364.74,Lake Rachelberg,Débito,25,2,0
9ca332fb-be0b-41e7-8f15-db5e38f53d84,2720832502269401,2024-06-03 12:14:48,4109.48,Georgechester,Débito,28,3,0
fe9169cd-f335-4d8e-b7ac-04172239dc99,3524023663046830,2024-08-10 04:50:29,3531.5,Danielfurt,Crédito,58,1,0
46dec84d-eb33-4ac2-8744-c1aeb108f8cc,30231696895783,2024-03-13 08:29:53,407.66,New Robertport,Débito,54,0,0
916219a1-3f72-4310-aee0-3a0d798c1606,30528996881458,2024-03-19 22:53:35,425.1,North Eric,Débito,31,4,0
fa0e257f-505b-4a62-a97c-44f0e444f3fb,3583337698401143,2024-04-16 01:20:05,4933.21,South Steven,Débito,77,2,0
634ebe4c-96f4-4560-ba6b-4bbd53bffcad,4617860866338811,2024-03-25 18:12:55,1871.98,North Adam,Crédito,47,1,0
ccc5628d-0169-4889-b1a8-5c3e034b52b7,6563996872839092,2024-03-28 04:11:11,1853.84,North Mary,Débito,52,2,0
f664126d-7a37-45f3-9436-7d6ff41b1b98,180065240191747,2024-06-06 09:19:24,4064.19,East Karinaside,Débito,38,1,0
9568460c-9517-49b1-8579-7785b7f8a96b,213150721234082,2024-07-21 07:30:01,4736.3,Gibbsmouth,Crédito,54,1,0
544e3c24-2259-45a4-b801-5f0ac26f19c3,6011729873430019,2024-03-15 01:37:30,4930.02,Fullerhaven,Débito,22,0,0
f6492234-e990-41c8-bd45-1c995703c226,6011839144253031,2024-04-11 20:18:34,3767.14,Port Bryan,Débito,36,2,0
2d5c2386-aa96-4283-9a32-4c0d5ae71443,3532464685402132,2024-02-27 11:27:17,1881.92,Kleinfort,Crédito,76,2,0
eb83a7d4-7455-4ab0-932d-062748d8bb00,180036020863086,2024-01-27 10:27:19,418.42,Marcton,Débito,31,4,0
20eab8a7-9d8d-48ca-b3f0-1488fd7762a6,6520459253225235,2024-02-23 04:03:10,3885.96,Jacksonview,Crédito,43,4,0
32597d2a-9cd3-40c4-a0ef-8165f4a91cea,4118174969357072,2024-04-05 03:07:59,2792.46,Martinfort,Débito,79,0,0
4bec0e5a-ae6e-424d-baff-78a840da5a5a,342709933611959,2024-03-05 21:52:34,2121.69,Barberchester,Débito,21,0,0
a9e888d8-931f-4a8a-8177-514c7cb28bf7,4785485150485858,2024-03-21 05:59:32,4531.87,Sandraville,Débito,42,3,0
e599dcc0-7cf5-4a21-8379-d70717bff34a,375001378114644,2024-05-22 06:20:38,556.88,Port Shane,Crédito,62,4,0
2d48dc78-c466-4be7-9964-2ef5df56c2c7,6011664953751499,2024-03-31 10:36:33,2463.63,West Sarah,Crédito,59,1,0
7bcd05bb-4c1a-4f17-a661-3738ed0d9de1,3522271273338582,2024-02-28 00:54:56,57.76,East Mariaside,Crédito,42,2,0
40cba6e5-3be6-4989-9daa-63c542529e3d,2255065639473322,2024-02-16 07:02:44,2343.83,West Kimberlyberg,Crédito,35,0,0
102a5c23-2068-4d7d-b159-e29d778b3557,3583287418737393,2024-04-03 04:30:49,282.46,Colemanmouth,Débito,57,2,0
43666ccd-8354-46fc-9ced-ff233e10931b,6593873747471183,2024-05-03 23:31:18,594.97,Jamesshire,Crédito,25,2,0
bef49f3d-0130-48db-af57-53ec40a2dd02,4159545731980293,2024-07-17 12:32:51,588.51,East Sandra,Crédito,56,3,0
991d3538-a9ac-42fb-94d3-1429e6cfdb5c,372408220908490,2024-08-18 10:20:13,3246.4,Sheilaburgh,Crédito,57,4,0
45ce39a5-51f7-44fe-bf50-296faef09eac,4723208380158365154,2024-08-04 18:00:51,3730.48,Rodriguezchester,Débito,31,0,0
8469c532-1b54-49f1-bd38-97781f695f22,372568381457262,2024-01-23 01:55:20,2917.26,Jeromeberg,Débito,49,2,0
a188bd6f-cb8f-4d55-9ef0-ac4652b591e3,3541242376386304,2024-08-04 02:35:48,4810.9,Eduardoview,Débito,68,0,0
838c3bc9-ad5b-4727-8e9a-259a8eba60e3,4186594345835748,2024-03-18 03:25:01,1874.98,Tonyabury,Débito,78,1,0
6946600f-fa9f-4e92-97a3-ebd9a1338414,180096430726000,2024-07-19 19:19:18,1429.27,Chadborough,Débito,55,3,0
dec0ef50-5dcb-46f9-9176-4bae8bbd1d0f,6568024396332513,2024-07-20 23:54:27,4343.13,North Deannaport,Crédito,50,1,0
22ee2a73-922c-41ef-bb0d-f5e708d2c1b7,4542044559523209,2024-01-06 15:59:08,1118.76,East Ashley,Crédito,40,0,0
99e71762-2e8f-4ae5-8ab2-bd84fe6dfbe6,3510170820308904,2024-01-29 23:04:30,4816.15,North Christine,Débito,32,0,0
89327b9b-1ba8-468d-b5ef-e423b34af895,370478840922603,2024-04-05 06:49:17,61.76,East Johnny,Débito,50,4,1
76f81c0c-0080-45e5-b546-f5a6b4f24616,6011618776939541,2024-06-14 02:14:53,4849.42,Martinhaven,Crédito,42,2,0
bb5ab93e-2540-408a-8132-4badcff5e6ea,3574799955060188,2024-04-23 08:02:41,216.76,Williamsmouth,Débito,34,2,0
bec09f74-accb-40b1-9889-132d11bafbab,376939898806497,2024-05-13 08:58:52,4455.82,Grayshire,Débito,50,1,0
63f4ef70-0727-449f-aaf9-302a24595069,5319479910481697,2024-04-18 09:16:22,2638.98,Port Walterfort,Crédito,64,3,0
1e44bdce-6ed8-4c33-9ca8-7b95c2b405ca,503827313670,2024-02-12 06:35:46,4964.83,East Sandra,Débito,72,2,1
e26a322b-21e7-4e2d-8407-86e2291f26ef,4885984605605536495,2024-03-08 10:05:02,369.91,North Mackenzieview,Débito,19,4,0
1323a085-c392-4427-813f-9ba2b22aae8e,180043396000798,2024-07-09 13:57:47,2769.72,New Jonathan,Débito,31,1,0
f7d017f9-b1b6-4484-a612-dd2672f03a0b,213168161236359,2024-02-03 14:56:07,4846.54,South Shaun,Débito,70,1,0
ac49f6e0-637e-47eb-b870-2371ff4b423a,4936712948823291422,2024-07-27 19:13:03,2615.97,Katherineborough,Crédito,57,4,0
1d60e680-3294-41db-9873-91703826341a,4499405605846022,2024-02-12 23:16:42,3147.36,Hillfurt,Débito,57,3,0
4b0c9bab-5b31-4c7b-997c-f74b52f9d1d7,213173843242965,2024-03-11 04:04:20,3479.05,Townsendville,Crédito,68,4,0
53e8af9d-ef73-4ea9-8734-3c45c3f78f00,180069878348918,2024-05-30 10:05:58,2273.25,East Cody,Débito,56,3,0
333b0c17-adf0-4a65-a654-b774b17d9868,6524783978669633,2024-07-26 18:11:11,3138.16,Brookefort,Débito,68,4,0
7881528f-0f44-45e7-bb9d-46108bca1711,38031447748303,2024-02-18 01:11:51,2921.99,West Williamville,Débito,23,4,1
da234028-595d-4f18-ba33-55121bf7fc47,4534421122326853543,2024-06-18 00:21:22,4505.89,West Christineburgh,Crédito,23,0,0
855d486b-7c32-48b9-a7c9-84c0d05988d0,371549591749400,2024-07-01 13:44:07,228.19,Mollyport,Débito,20,1,0
2aaa8068-a1ba-4de0-b6d2-06d788e65643,6011460379333727,2024-01-10 11:07:06,1405.53,Tanyaside,Débito,24,4,0
e096d975-b04a-4354-b102-919acbbfa8f6,060421956842,2024-01-23 19:34:51,4752.11,North Paulview,Débito,68,4,1
a0e0ac88-9bb3-4e33-ba9d-3d7042095393,4765967930954349,2024-01-07 02:44:34,4451.43,Wendyside,Crédito,25,2,0
a2954701-9ae2-4243-bffc-35660b7d7813,345651412859427,2024-05-06 22:57:11,2278.83,West Christinaborough,Débito,59,1,0
f59ae683-d12d-4f8d-9eba-c9edbdf88481,3589967829314528,2024-06-21 06:50:45,3101.04,Parkerton,Crédito,69,2,0
1049580d-9342-4884-8365-2d2a5fbacc1b,6506026938850964,2024-07-21 06:00:59,1387.63,Baileyberg,Crédito,32,1,0
01ce030f-a164-4795-a2b5-b7f864960604,180082898969738,2024-02-28 23:04:26,941.42,West Andreaview,Débito,64,2,0
5e0b064d-e922-4c41-bce2-0205461d668a,347024075352874,2024-01-21 05:42:18,2319.03,Rachelchester,Crédito,46,4,0
8b5d5d3b-c8c8-46f7-8d45-ea312ac69339,4594481676383,2024-03-19 07:58:32,1767.41,South Richardshire,Crédito,50,4,0
ce73e206-e8bc-4b18-9ddb-cfb13c5630a2,5555412263076346,2024-05-08 10:16:05,2918.7,Port Gina,Débito,69,0,0
bc8cedb6-7b72-4ea5-a194-e42677f7f542,4837341164796848,2024-03-02 12:20:54,389.6,Campbellburgh,Crédito,47,2,0
50cdfecb-e305-4ae9-9842-189ec44a0073,6571648411918503,2024-05-10 22:09:59,4872.0,Tinastad,Débito,56,3,0
629f5803-970e-4441-8d67-bd1d33010bd7,3569339574970595,2024-04-06 15:59:18,4931.07,West Joshuaport,Crédito,44,0,0
