"Date","Open","Close","High","Low","Number of shares traded","Volume ","Nombre de contrats","Capitalization","Adjusted price"
"16/04/2024","82.00","81.50","83.00","81.05","138578.00","11340434.32","205","4099004032.00","81.50"
"15/04/2024","71.00","78.00","78.09","70.00","75414.00","5638126.71","213","3922973184.00","78.00"
"09/04/2024","66.90","71.00","72.00","66.00","43719.00","3024551.67","123","3570911488.00","71.00"
"08/04/2024","66.70","66.52","66.90","66.35","63690.00","4234182.80","48","3345592002.56","66.52"
"05/04/2024","65.95","66.60","66.79","65.95","7194.00","477809.84","41","3349615564.80","66.60"
"04/04/2024","64.00","65.00","65.00","64.00","4772.00","308562.20","32","3269144320.00","65.00"
"03/04/2024","63.40","63.70","64.80","63.40","2966.00","188457.59","27","3203761433.60","63.70"
"02/04/2024","64.93","63.40","64.93","63.20","2002.00","127384.76","15","3188673075.20","63.40"
"01/04/2024","64.63","63.00","64.63","63.00","36299.00","2287757.78","52","3168555264.00","63.00"
"29/03/2024","64.50","64.00","64.80","64.00","44645.00","2859407.83","38","3218849792.00","64.00"
"28/03/2024","64.50","64.91","64.91","64.00","693.00","44419.96","12","3264617812.48","64.91"
"27/03/2024","64.00","64.94","64.96","64.00","945.00","61282.72","17","3266126648.32","64.94"
"26/03/2024","64.90","64.94","64.98","62.05","29724.00","1851221.63","57","3266126648.32","64.94"
"25/03/2024","63.01","63.15","63.15","63.01","621.00","39130.81","7","3176099443.20","63.15"
"22/03/2024","63.65","63.00","63.99","62.00","96114.00","5966689.09","66","3168555264.00","63.00"
"21/03/2024","64.00","63.60","64.00","63.60","2544.00","161950.59","20","3198731980.80","63.60"
"20/03/2024","64.00","63.50","64.00","63.50","5447.00","348268.47","55","3193702528.00","63.50"
"19/03/2024","64.70","64.00","64.70","63.99","46204.00","2958138.06","99","3218849792.00","64.00"
"18/03/2024","65.99","65.89","66.00","64.56","9183.00","594577.03","37","3313906449.92","65.89"
"15/03/2024","64.54","65.99","65.99","64.54","601.00","39514.99","6","3318935902.72","65.99"
"14/03/2024","64.72","64.50","66.20","64.50","25856.00","1675362.24","37","3243997056.00","64.50"
"13/03/2024","64.50","64.70","66.70","64.50","6248.00","403845.80","38","3254055961.60","64.70"
"12/03/2024","66.60","65.00","66.60","64.52","10930.00","710555.13","61","3269144320.00","65.00"
"11/03/2024","67.25","65.00","67.25","65.00","22616.00","1487417.66","112","3269144320.00","65.00"
"08/03/2024","67.01","68.00","68.00","67.00","4478.00","300642.51","31","3420027904.00","68.00"
"07/03/2024","66.95","67.20","67.20","66.85","11389.00","763000.00","28","3379792281.60","67.20"
"06/03/2024","67.20","67.00","67.20","66.67","451.00","30172.98","15","3369733376.00","67.00"
"05/03/2024","66.70","67.00","67.20","66.67","62914.00","4214887.64","47","3369733376.00","67.00"
"04/03/2024","67.20","66.67","67.20","66.60","1464.00","97724.80","12","3353136181.76","66.67"
"01/03/2024","67.20","67.00","67.20","67.00","989.00","66338.82","13","3369733376.00","67.00"
"29/02/2024","67.00","67.00","67.30","67.00","10694.00","717617.30","31","3369733376.00","67.00"
"28/02/2024","67.25","67.00","67.25","67.00","7902.00","529506.50","25","3369733376.00","67.00"
"27/02/2024","67.30","67.25","67.30","66.56","3130.00","209635.37","51","3382307008.00","67.25"
"26/02/2024","67.30","67.30","67.40","66.90","13656.00","915172.50","33","3384821734.40","67.30"
"23/02/2024","67.35","67.30","67.35","67.00","11682.00","783049.55","43","3384821734.40","67.30"
"22/02/2024","67.50","67.40","67.50","67.00","15687.00","1051101.40","29","3389851187.20","67.40"
"21/02/2024","67.50","67.00","67.50","67.00","20934.00","1405114.61","98","3369733376.00","67.00"
"20/02/2024","67.50","67.15","67.80","67.11","5112.00","344779.92","34","3377277555.20","67.15"
"19/02/2024","67.50","67.50","68.00","67.10","2687.00","181330.50","32","3394880640.00","67.50"
"16/02/2024","68.00","67.85","68.00","67.85","77.00","5232.10","7","3412483724.80","67.85"
"15/02/2024","68.20","67.50","68.20","67.50","5861.00","396155.15","39","3394880640.00","67.50"
"14/02/2024","68.00","68.20","68.20","67.80","1053.00","71634.40","23","3430086809.60","68.20"
"13/02/2024","68.20","68.20","68.25","67.72","10543.00","717311.26","31","3430086809.60","68.20"
"12/02/2024","68.25","68.00","68.25","67.61","5728.00","389770.07","21","3420027904.00","68.00"
"09/02/2024","68.00","67.65","68.00","67.40","10640.00","721722.22","34","3402424819.20","67.65"
"08/02/2024","68.00","68.00","68.20","67.83","15324.00","1042038.61","25","3420027904.00","68.00"
"07/02/2024","68.25","68.00","68.25","68.00","10861.00","738561.75","15","3420027904.00","68.00"
"06/02/2024","68.00","68.00","68.25","67.90","11597.00","788630.95","38","3420027904.00","68.00"
"05/02/2024","68.10","68.00","68.25","68.00","7960.00","541622.75","31","3420027904.00","68.00"
"02/02/2024","68.00","68.00","68.00","68.00","2527.00","171836.00","16","3420027904.00","68.00"
"01/02/2024","68.00","68.00","68.00","68.00","35.00","2380.00","4","3420027904.00","68.00"
"31/01/2024","67.00","67.55","68.00","67.00","13232.00","891922.64","34","3397395366.40","67.55"
"30/01/2024","67.50","67.12","68.00","67.05","6496.00","437329.86","28","3375768719.36","67.12"
"29/01/2024","68.00","68.00","68.00","67.37","2035.00","137178.35","14","3420027904.00","68.00"
"26/01/2024","68.00","67.25","68.00","67.25","6201.00","417102.30","21","3382307008.00","67.25"
"25/01/2024","68.35","68.00","68.35","67.50","3478.00","236107.95","27","3420027904.00","68.00"
"24/01/2024","68.35","67.50","68.35","67.50","2125.00","143914.45","32","3394880640.00","67.50"
"23/01/2024","68.50","67.50","68.60","67.50","4737.00","320392.99","35","3394880640.00","67.50"
"22/01/2024","68.50","68.49","68.50","68.00","11182.00","760897.48","17","3444672222.72","68.49"
"19/01/2024","68.00","68.20","68.20","67.95","945.00","64391.15","16","3430086809.60","68.20"
"18/01/2024","69.00","68.00","69.00","68.00","5007.00","340765.62","28","3420027904.00","68.00"
"17/01/2024","68.00","68.90","69.15","68.00","16291.00","1123059.58","36","3465292979.20","68.90"
"16/01/2024","68.51","68.90","68.90","68.00","1711.00","116891.23","15","3465292979.20","68.90"
"15/01/2024","68.61","68.51","68.98","68.51","510.00","35147.51","9","3445678113.28","68.51"
"12/01/2024","69.00","68.49","69.00","68.49","2230.00","153407.73","16","3444672222.72","68.49"
"10/01/2024","67.50","68.45","68.50","67.50","6474.00","440613.82","31","3442660441.60","68.45"
"09/01/2024","67.87","67.30","67.87","67.00","10455.00","701111.70","30","3384821734.40","67.30"
"08/01/2024","67.00","67.10","67.20","67.00","15865.00","1064219.53","24","3374762828.80","67.10"
"05/01/2024","67.87","67.00","67.87","66.90","2270.00","152034.02","31","3369733376.00","67.00"
"04/01/2024","67.68","67.01","67.90","67.01","3258.00","220822.47","14","3370236321.28","67.01"
"03/01/2024","67.75","66.93","67.75","66.93","2350.00","157717.61","10","3366212759.04","66.93"
"02/01/2024","67.70","67.00","67.75","67.00","7733.00","518200.90","39","3369733376.00","67.00"
"29/12/2023","67.00","67.75","67.75","66.89","10389.00","701101.63","33","3407454272.00","67.75"
"28/12/2023","67.00","67.00","67.00","66.90","15419.00","1032880.85","44","3369733376.00","67.00"
"27/12/2023","67.06","67.00","67.06","66.85","10997.00","736815.37","46","3369733376.00","67.00"
"26/12/2023","67.90","67.20","67.90","67.20","215.00","14471.25","5","3379792281.60","67.20"
"25/12/2023","66.82","67.00","68.00","66.82","1626.00","109173.15","22","3369733376.00","67.00"
"22/12/2023","67.02","66.84","67.90","66.84","17822.00","1193575.09","72","3361686251.52","66.84"
"21/12/2023","67.90","67.00","68.00","67.00","12479.00","836424.70","59","3369733376.00","67.00"
"20/12/2023","67.98","67.00","67.98","67.00","10012.00","671398.70","51","3369733376.00","67.00"
"19/12/2023","67.01","67.10","67.20","67.01","1356.00","90958.45","8","3374762828.80","67.10"
"18/12/2023","67.00","67.00","67.80","67.00","3763.00","252130.70","44","3369733376.00","67.00"
"15/12/2023","68.15","67.00","68.15","67.00","10143.00","680360.86","42","3369733376.00","67.00"
"14/12/2023","67.90","68.00","68.00","67.90","344.00","23381.90","11","3420027904.00","68.00"
"13/12/2023","67.90","67.00","67.90","67.00","1124.00","75390.21","12","3369733376.00","67.00"
"12/12/2023","67.00","67.50","67.50","66.80","816.00","54711.10","16","3394880640.00","67.50"
"11/12/2023","68.13","66.73","68.13","66.73","625.00","41728.05","15","3356153853.44","66.73"
"08/12/2023","67.15","67.00","67.15","67.00","4145.00","277720.11","16","3369733376.00","67.00"
"07/12/2023","67.84","67.86","67.86","67.05","55.00","3730.55","8","3412986670.08","67.86"
"06/12/2023","67.86","67.05","67.86","67.05","47.00","3152.97","4","3372248102.40","67.05"
"05/12/2023","68.00","67.00","68.00","67.00","471.00","31576.00","19","3369733376.00","67.00"
"04/12/2023","68.00","68.00","68.00","67.10","68.00","4615.48","9","3420027904.00","68.00"
"01/12/2023","68.00","67.20","68.00","67.20","35.00","2376.80","5","3379792281.60","67.20"
"30/11/2023","67.14","67.00","69.00","67.00","5560.00","375587.79","68","3369733376.00","67.00"
"29/11/2023","68.00","67.15","69.01","67.15","4249.00","289249.98","23","3377277555.20","67.15"
"28/11/2023","67.30","67.70","67.70","67.30","287.00","19410.70","6","3404939545.60","67.70"
"27/11/2023","68.70","67.20","68.70","67.20","395.00","26641.23","17","3379792281.60","67.20"
"24/11/2023","68.70","68.55","68.70","67.15","67.00","4595.03","11","3447689894.40","68.55"
"23/11/2023","67.04","68.45","68.45","67.04","3345.00","228760.14","15","3442660441.60","68.45"
"22/11/2023","68.79","68.30","68.79","68.30","47.00","3215.00","9","3435116262.40","68.30"
"21/11/2023","68.83","68.50","68.83","68.50","2.00","137.33","2","3445175168.00","68.50"
"20/11/2023","68.93","68.49","68.93","68.49","115.00","7876.91","5","3444672222.72","68.49"
"17/11/2023","68.80","68.49","68.80","68.49","104.00","7153.96","5","3444672222.72","68.49"
"16/11/2023","66.61","67.00","67.00","66.13","2311.00","153458.60","19","3369733376.00","67.00"
"15/11/2023","68.01","66.50","68.02","66.00","3042.00","201948.79","31","3344586112.00","66.50"
"14/11/2023","68.00","68.00","68.80","68.00","120.00","8167.42","5","3420027904.00","68.00"
"13/11/2023","68.00","68.00","68.00","68.00","127.00","8636.00","8","3420027904.00","68.00"
"10/11/2023","68.99","68.99","68.99","67.50","55.00","3735.07","7","3469819486.72","68.99"
"09/11/2023","67.30","68.99","69.00","67.30","111.00","7522.70","7","3469819486.72","68.99"
"08/11/2023","68.80","67.30","68.98","67.30","978.00","65904.41","17","3384821734.40","67.30"
"07/11/2023","67.35","67.50","69.00","67.35","424.00","28665.36","23","3394880640.00","67.50"
"03/11/2023","69.44","68.00","69.44","68.00","117.00","7972.40","7","3420027904.00","68.00"
"02/11/2023","69.00","69.00","69.00","69.00","4903.00","338307.00","4","3470322432.00","69.00"
"01/11/2023","69.00","69.00","69.00","68.80","154.00","10616.55","10","3470322432.00","69.00"
"31/10/2023","68.98","68.50","69.00","68.50","120.00","8273.80","7","3445175168.00","68.50"
"30/10/2023","68.99","68.00","68.99","68.00","871.00","59289.20","8","3420027904.00","68.00"
"27/10/2023","67.30","67.00","69.00","67.00","11744.00","788925.59","57","3369733376.00","67.00"
"26/10/2023","69.70","69.45","69.80","67.50","297.00","20300.37","16","3492954969.60","69.45"
"25/10/2023","69.64","69.79","69.88","67.78","2225.00","154106.92","18","3510055109.12","69.79"
"24/10/2023","68.55","68.50","69.90","68.50","1977.00","136840.11","22","3445175168.00","68.50"
"23/10/2023","67.50","68.24","68.25","67.50","1189.00","81090.48","15","3432098590.72","68.24"
"20/10/2023","68.39","67.00","68.39","67.00","3587.00","240531.96","25","3369733376.00","67.00"
"19/10/2023","69.00","67.00","69.00","67.00","25533.00","1716238.89","106","3369733376.00","67.00"
"18/10/2023","69.40","69.35","69.40","67.50","594.00","40341.70","16","3487925516.80","69.35"
"17/10/2023","69.49","69.00","69.49","68.50","332.00","22793.52","14","3470322432.00","69.00"
"16/10/2023","68.30","69.49","69.50","68.30","263.00","18207.72","10","3494966750.72","69.49"
"13/10/2023","67.80","68.55","70.00","67.80","15563.00","1073868.05","28","3447689894.40","68.55"
"12/10/2023","69.83","69.60","69.83","69.00","223.00","15425.60","7","3500499148.80","69.60"
"11/10/2023","69.99","69.84","69.99","69.84","95.00","6646.90","6","3512569835.52","69.84"
"10/10/2023","69.75","68.75","69.75","68.75","200.00","13819.50","13","3457748800.00","68.75"
"09/10/2023","69.99","69.75","69.99","68.02","509.00","35159.20","21","3508043328.00","69.75"
"06/10/2023","70.00","68.50","70.79","68.00","6291.00","438986.20","45","3445175168.00","68.50"
"05/10/2023","67.98","70.40","70.90","66.67","6036.00","420868.91","30","3540734771.20","70.40"
"04/10/2023","67.80","67.85","67.89","67.00","7040.00","472253.87","45","3412483724.80","67.85"
"03/10/2023","69.98","67.10","69.98","67.10","17906.00","1215135.72","43","3374762828.80","67.10"
"02/10/2023","69.00","69.00","69.90","68.50","5242.00","359361.33","16","3470322432.00","69.00"
"27/09/2023","69.00","68.97","69.00","67.00","1624.00","109752.29","24","3468813596.16","68.97"
"26/09/2023","68.00","68.00","69.00","67.50","3313.00","224751.22","42","3420027904.00","68.00"
"25/09/2023","68.00","68.00","69.00","67.80","10849.00","738219.56","51","3420027904.00","68.00"
"22/09/2023","69.00","68.00","69.00","68.00","11028.00","753299.96","59","3420027904.00","68.00"
"21/09/2023","71.70","67.69","71.70","67.69","55081.00","3769580.61","198","3404436600.32","67.69"
"20/09/2023","73.50","72.00","73.99","71.70","5747.00","414793.38","48","3621206016.00","72.00"
"19/09/2023","72.31","73.99","73.99","72.30","1429.00","103348.32","11","3721292126.72","73.99"
"18/09/2023","74.89","72.50","74.89","72.30","3066.00","222675.58","23","3646353280.00","72.50"
"15/09/2023","73.26","73.00","73.26","73.00","1129.00","82433.35","17","3671500544.00","73.00"
"14/09/2023","74.98","74.98","74.98","74.98","1.00","74.98","1","3771083709.44","74.98"
"13/09/2023","73.00","73.00","74.90","73.00","45.00","3323.00","5","3671500544.00","73.00"
"12/09/2023","72.25","73.00","73.00","72.10","1473.00","106489.95","14","3671500544.00","73.00"
"11/09/2023","74.97","72.23","74.97","72.23","110887.00","8086865.10","13","3632773757.44","72.23"
"08/09/2023","73.00","73.00","73.00","73.00","250.00","18250.00","4","3671500544.00","73.00"
"07/09/2023","72.50","74.99","74.99","71.50","50156.00","3592402.42","34","3771586654.72","74.99"
"06/09/2023","75.00","72.50","77.00","72.50","50937.00","3698605.93","53","3646353280.00","72.50"
"05/09/2023","73.80","76.50","76.60","73.80","652.00","49485.98","19","3847531392.00","76.50"
"04/09/2023","77.28","73.00","77.28","73.00","52.00","3837.08","6","3671500544.00","73.00"
"01/09/2023","75.05","73.01","77.97","73.00","17504.00","1284935.47","45","3672003489.28","73.01"
"31/08/2023","77.50","75.00","78.00","74.56","34383.00","2606516.76","69","3772089600.00","75.00"
"30/08/2023","79.00","79.00","79.50","78.35","695.00","54958.70","13","3973267712.00","79.00"
"29/08/2023","79.67","79.67","79.67","79.67","8.00","637.36","1","4006965045.76","79.67"
"28/08/2023","78.36","79.89","79.89","78.35","32118.00","2521247.86","8","4018029841.92","79.89"
"25/08/2023","79.50","79.50","79.50","79.50","110.00","8745.00","3","3998414976.00","79.50"
"24/08/2023","79.00","79.00","79.00","78.35","11175.00","882824.35","15","3973267712.00","79.00"
"23/08/2023","78.35","79.00","79.00","78.35","2148.00","168598.10","11","3973267712.00","79.00"
"22/08/2023","79.69","79.50","79.69","79.00","18031.00","1424450.19","8","3998414976.00","79.50"
"18/08/2023","78.00","79.70","79.70","78.00","2720.00","215561.40","19","4008473881.60","79.70"
"17/08/2023","79.65","79.65","79.65","79.65","1.00","79.65","1","4005959155.20","79.65"
"16/08/2023","79.70","79.50","79.70","77.76","1003.00","78040.55","9","3998414976.00","79.50"
"15/08/2023","79.80","79.00","79.80","79.00","9.00","715.00","3","3973267712.00","79.00"
"11/08/2023","79.80","79.79","79.80","79.00","13071.00","1042566.18","13","4013000389.12","79.79"
"10/08/2023","79.79","79.01","79.79","79.01","48.00","3806.52","4","3973770657.28","79.01"
"09/08/2023","79.49","79.89","79.89","79.49","384.00","30651.56","6","4018029841.92","79.89"
"08/08/2023","80.00","79.49","80.00","78.75","1880.00","149971.69","9","3997912030.72","79.49"
"07/08/2023","80.90","80.00","80.90","79.01","1356.00","107500.40","8","4023562240.00","80.00"
"04/08/2023","79.28","80.35","81.36","78.51","12171.00","970764.31","56","4041165324.80","80.35"
"03/08/2023","79.00","79.00","79.00","79.00","30709.00","2426011.00","4","3973267712.00","79.00"
"02/08/2023","79.55","78.17","79.55","78.10","45375.00","3566151.61","22","3931523253.76","78.17"
"01/08/2023","79.55","79.00","79.55","77.50","10570.00","834795.44","31","3973267712.00","79.00"
"31/07/2023","79.99","79.55","80.00","79.50","178.00","14202.25","12","4000929702.40","79.55"
"28/07/2023","79.50","80.00","80.00","79.01","764.00","60537.02","13","4023562240.00","80.00"
"27/07/2023","80.00","80.00","80.00","79.51","2295.00","183575.50","15","4023562240.00","80.00"
"26/07/2023","80.00","80.00","81.40","79.05","5294.00","423392.23","30","4023562240.00","80.00"
"25/07/2023","81.00","80.20","81.90","80.20","1348.00","108639.63","12","4033621145.60","80.20"
"24/07/2023","82.99","81.95","82.99","80.51","55.00","4516.67","7","4121636569.60","81.95"
"21/07/2023","79.05","82.50","82.50","79.05","4035.00","325406.60","31","4149298560.00","82.50"
"20/07/2023","78.80","80.00","80.00","77.00","16390.00","1284503.26","41","4023562240.00","80.00"
"18/07/2023","78.00","78.80","78.80","77.00","2281.00","178782.00","10","3963208806.40","78.80"
"17/07/2023","79.00","78.00","79.00","78.00","256.00","20104.00","11","3922973184.00","78.00"
"14/07/2023","75.33","78.00","79.00","75.33","21411.00","1649806.45","30","3922973184.00","78.00"
"13/07/2023","76.85","76.00","76.85","76.00","1115.00","84745.95","7","3822384128.00","76.00"
"12/07/2023","76.91","75.33","76.91","75.33","64.00","4891.82","8","3788686794.24","75.33"
"11/07/2023","77.00","77.00","77.00","77.00","11.00","847.00","5","3872678656.00","77.00"
"10/07/2023","77.00","75.13","77.00","75.13","22.00","1690.26","3","3778627888.64","75.13"
"07/07/2023","76.20","75.10","77.00","75.10","27613.00","2076296.64","22","3777119052.80","75.10"
"06/07/2023","76.00","75.00","76.00","74.10","116493.00","8736913.96","25","3772089600.00","75.00"
"05/07/2023","76.45","75.00","76.45","75.00","558.00","41919.45","11","3772089600.00","75.00"
"04/07/2023","75.99","76.00","76.00","74.00","469.00","34797.78","13","3822384128.00","76.00"
"03/07/2023","0.00","75.40","0.00","0.00","0.00","0.00","0","3792207411.20","75.40"
"28/06/2023","73.31","75.40","75.40","73.30","5448.00","410012.91","17","3792207411.20","75.40"
"27/06/2023","75.28","75.50","75.50","75.14","5080.00","383517.82","26","3797236864.00","75.50"
"26/06/2023","76.53","75.40","76.53","73.40","181.00","13443.88","11","3792207411.20","75.40"
"23/06/2023","72.20","72.20","72.20","72.20","12653.00","913546.60","31","3631264921.60","72.20"
"22/06/2023","76.84","76.80","76.84","76.76","308.00","23646.39","8","3862619750.40","76.80"
"21/06/2023","77.10","76.80","77.10","74.10","8563.00","645101.01","41","3862619750.40","76.80"
"20/06/2023","75.00","74.99","75.00","74.95","3375.00","253100.80","26","3771586654.72","74.99"
"19/06/2023","75.80","76.00","79.00","75.00","9203.00","698731.38","40","3822384128.00","76.00"
"16/06/2023","79.80","77.50","79.80","75.55","5094.00","394195.51","52","3897825920.00","77.50"
"15/06/2023","76.90","78.00","78.00","76.00","2140.00","165061.95","23","3922973184.00","78.00"
"14/06/2023","75.60","76.00","77.00","75.60","1709.00","129893.75","15","3822384128.00","76.00"
"13/06/2023","76.95","76.95","76.95","75.80","423.00","32067.85","5","3870163929.60","76.95"
"12/06/2023","76.00","75.65","76.00","75.65","877.00","66471.00","9","3804781043.20","75.65"
"09/06/2023","75.60","75.60","75.60","75.60","10.00","756.00","2","3802266316.80","75.60"
"08/06/2023","76.00","76.00","76.00","75.51","2952.00","223347.10","7","3822384128.00","76.00"
"07/06/2023","76.00","76.00","76.00","76.00","2631.00","199956.00","11","3822384128.00","76.00"
"06/06/2023","75.20","76.00","78.00","75.20","13467.00","1023482.05","18","3822384128.00","76.00"
"05/06/2023","76.00","75.20","76.10","75.05","5546.00","420141.95","19","3782148505.60","75.20"
"02/06/2023","75.50","75.50","75.50","74.21","606.00","45727.20","15","3797236864.00","75.50"
"01/06/2023","75.50","75.49","76.00","75.49","1430.00","108489.46","15","3796733918.72","75.49"
"31/05/2023","77.50","75.25","79.25","75.25","34399.00","2645698.83","55","3784663232.00","75.25"
"30/05/2023","77.20","79.99","79.99","77.20","660.00","50957.58","10","4023059294.72","79.99"
"29/05/2023","76.90","80.00","80.52","76.90","3101.00","240265.26","26","4023562240.00","80.00"
"26/05/2023","75.00","76.70","76.70","75.00","3352.00","256877.70","10","3857590297.60","76.70"
"25/05/2023","76.90","76.00","76.90","76.00","195.00","14829.49","10","3822384128.00","76.00"
"24/05/2023","74.99","76.74","76.74","74.00","1639.00","124634.76","20","3859602078.72","76.74"
"23/05/2023","74.65","74.98","74.98","74.00","180.00","13460.94","5","3771083709.44","74.98"
"22/05/2023","74.20","74.94","74.94","74.00","269.00","20053.36","7","3769071928.32","74.94"
"19/05/2023","74.20","73.20","74.20","73.20","70.00","5157.00","3","3681559449.60","73.20"
"18/05/2023","74.20","74.10","74.20","74.10","163.00","12084.11","7","3726824524.80","74.10"
"17/05/2023","74.70","74.69","74.70","74.08","112.00","8328.70","6","3756498296.32","74.69"
"16/05/2023","74.90","74.90","74.90","74.90","1.00","74.90","1","3767060147.20","74.90"
"15/05/2023","73.05","73.11","73.11","73.05","63.00","4605.15","8","3677032942.08","73.11"
"12/05/2023","73.60","73.60","73.60","73.60","30.00","2208.00","1","3701677260.80","73.60"
"11/05/2023","73.00","73.60","74.90","73.00","678.00","49639.90","19","3701677260.80","73.60"
"10/05/2023","72.00","72.00","73.00","72.00","17.00","1239.00","5","3621206016.00","72.00"
"09/05/2023","73.30","72.00","73.30","72.00","460.00","33593.24","12","3621206016.00","72.00"
"08/05/2023","70.70","73.00","73.00","70.70","131495.00","9598831.65","17","3671500544.00","73.00"
"05/05/2023","70.53","70.60","73.44","70.53","211.00","15034.90","14","3550793676.80","70.60"
"04/05/2023","73.48","70.70","73.48","70.70","116.00","8245.68","5","3555823129.60","70.70"
"03/05/2023","73.70","73.50","73.70","73.49","25.00","1839.40","3","3696647808.00","73.50"
"02/05/2023","70.52","70.51","71.00","70.51","150.00","10586.95","11","3546267169.28","70.51"
"28/04/2023","72.25","70.10","73.75","70.10","2083.00","146219.90","20","3525646412.80","70.10"
"27/04/2023","73.00","72.50","73.79","72.50","150.00","10996.10","3","3646353280.00","72.50"
"26/04/2023","72.25","72.25","72.25","72.25","42.00","3034.50","3","3633779648.00","72.25"
"25/04/2023","71.25","72.25","72.25","71.25","22.00","1570.50","2","3633779648.00","72.25"
"21/04/2023","71.00","72.50","74.00","71.00","3829.00","277887.04","18","3646353280.00","72.50"
"20/04/2023","71.00","70.50","71.00","70.50","983.00","69451.50","5","3545764224.00","70.50"
"19/04/2023","72.00","72.01","72.28","72.00","499.00","35928.34","9","3621708961.28","72.01"
"18/04/2023","72.30","72.30","72.30","72.30","7.00","506.10","1","3636294374.40","72.30"
"17/04/2023","71.02","71.02","71.02","71.02","5.00","355.10","1","3571917378.56","71.02"
"14/04/2023","72.00","72.00","72.00","72.00","500.00","36000.00","1","3621206016.00","72.00"
"13/04/2023","73.25","72.00","73.25","71.01","82.00","5915.52","7","3621206016.00","72.00"
"12/04/2023","72.01","72.50","73.30","72.01","6499.00","468184.31","17","3646353280.00","72.50"
"11/04/2023","71.74","70.30","71.74","70.30","156.00","10971.12","3","3535705318.40","70.30"
"10/04/2023","71.75","71.00","71.75","70.00","2024.00","141737.20","7","3570911488.00","71.00"
"07/04/2023","70.30","70.20","70.30","70.20","10200.00","716040.80","4","3530675865.60","70.20"
"06/04/2023","70.11","70.11","71.46","70.11","249.00","17470.89","4","3526149358.08","70.11"
"05/04/2023","69.20","70.00","70.50","69.00","146396.00","10244770.41","17","3520616960.00","70.00"
"04/04/2023","71.49","71.49","71.49","71.49","2.00","142.98","2","3595555806.72","71.49"
"03/04/2023","70.49","69.00","70.50","69.00","81.00","5621.68","9","3470322432.00","69.00"
"31/03/2023","70.00","68.00","71.95","68.00","6620.00","460470.00","26","3420027904.00","68.00"
"30/03/2023","72.00","70.00","72.00","70.00","3052.00","213744.00","15","3520616960.00","70.00"
"29/03/2023","71.70","72.00","72.00","71.69","2063.00","148329.57","12","3621206016.00","72.00"
"28/03/2023","72.00","71.90","72.00","71.90","83.00","5972.98","10","3616176563.20","71.90"
"27/03/2023","73.37","73.37","73.37","73.37","2.00","146.74","2","3690109519.36","73.37"
"24/03/2023","73.00","70.00","73.00","70.00","6430.00","450190.00","19","3520616960.00","70.00"
"23/03/2023","71.20","73.00","73.00","71.15","353.00","25529.41","18","3671500544.00","73.00"
"22/03/2023","0.00","71.89","0.00","0.00","0.00","0.00","0","3615673617.92","71.89"
"21/03/2023","71.98","71.89","71.98","71.89","7.00","503.44","3","3615673617.92","71.89"
"20/03/2023","0.00","70.02","0.00","0.00","0.00","0.00","0","3521622850.56","70.02"
"17/03/2023","70.03","70.02","70.03","70.02","289.00","20235.98","4","3521622850.56","70.02"
"16/03/2023","70.50","70.03","70.60","70.03","2030.00","142267.29","17","3522125795.84","70.03"
"15/03/2023","72.69","71.00","72.69","71.00","2760.00","195977.94","17","3570911488.00","71.00"
"14/03/2023","71.50","72.90","72.90","71.50","2.00","144.40","2","3666471091.20","72.90"
"13/03/2023","72.00","72.00","72.00","72.00","3.00","216.00","1","3621206016.00","72.00"
"10/03/2023","71.00","71.50","72.00","71.00","1939.00","138443.52","10","3596058752.00","71.50"
"09/03/2023","72.98","72.00","72.98","70.50","21.00","1513.38","7","3621206016.00","72.00"
"08/03/2023","72.99","72.00","72.99","72.00","21.00","1512.99","2","3621206016.00","72.00"
"07/03/2023","73.50","72.00","73.50","72.00","152.00","10946.50","4","3621206016.00","72.00"
"06/03/2023","71.51","72.00","72.00","70.07","106.00","7524.74","9","3621206016.00","72.00"
"03/03/2023","74.00","72.00","74.00","71.21","2120.00","152790.36","16","3621206016.00","72.00"
"02/03/2023","74.50","74.00","74.50","74.00","49.00","3645.50","6","3721795072.00","74.00"
"01/03/2023","74.90","74.50","74.90","74.50","14.00","1046.60","4","3746942336.00","74.50"
"28/02/2023","74.85","74.84","74.85","74.00","123.00","9161.65","6","3764042475.52","74.84"
"27/02/2023","75.00","74.00","75.50","74.00","162.00","12093.51","10","3721795072.00","74.00"
"24/02/2023","73.40","75.10","75.10","73.00","2055.00","154024.60","27","3777119052.80","75.10"
"23/02/2023","70.50","73.00","73.00","70.00","1886.00","135639.84","24","3671500544.00","73.00"
"22/02/2023","71.00","71.85","71.85","69.01","288.00","20179.30","16","3613661836.80","71.85"
"21/02/2023","70.26","71.00","71.00","70.21","706.00","49740.38","10","3570911488.00","71.00"
"20/02/2023","72.45","72.45","72.45","72.45","10.00","724.50","1","3643838553.60","72.45"
"17/02/2023","71.99","72.50","72.50","70.20","2495.00","179738.48","18","3646353280.00","72.50"
"16/02/2023","69.11","72.00","72.00","69.11","211.00","14936.78","14","3621206016.00","72.00"
"15/02/2023","68.70","71.00","71.00","68.70","920.00","65099.00","14","3570911488.00","71.00"
"14/02/2023","70.00","69.00","70.50","69.00","318.00","22014.50","11","3470322432.00","69.00"
"13/02/2023","70.00","70.00","70.00","70.00","3.00","210.00","1","3520616960.00","70.00"
"10/02/2023","68.85","70.00","70.00","68.00","11835.00","827805.21","32","3520616960.00","70.00"
"09/02/2023","68.78","68.78","68.80","68.78","210.00","14445.80","6","3459257635.84","68.78"
"08/02/2023","68.98","67.10","68.98","67.10","257.00","17341.85","8","3374762828.80","67.10"
"07/02/2023","0.00","66.60","0.00","0.00","0.00","0.00","","3349615564.80","66.60"
"06/02/2023","66.60","66.60","66.70","66.60","49.00","3265.40","5","3349615564.80","66.60"
"03/02/2023","69.00","66.55","69.00","66.55","2009.00","133720.92","8","3347100838.40","66.55"
"02/02/2023","67.99","66.20","69.38","66.20","12685.00","854830.43","36","3329497753.60","66.20"
"01/02/2023","67.90","68.00","68.00","67.90","3500.00","237900.00","2","3420027904.00","68.00"
"31/01/2023","67.50","68.00","68.00","66.15","1077.00","73156.73","5","3420027904.00","68.00"
"30/01/2023","67.90","66.00","67.90","66.00","37.00","2461.00","3","3319438848.00","66.00"
"27/01/2023","65.30","65.62","65.62","65.30","3010.00","197513.00","5","3300326927.36","65.62"
"26/01/2023","66.00","66.50","66.98","66.00","5466.00","362226.60","18","3344586112.00","66.50"
"25/01/2023","0.00","66.98","0.00","0.00","0.00","0.00","","3368727485.44","66.98"
"24/01/2023","66.98","66.98","66.98","66.98","15.00","1004.70","3","3368727485.44","66.98"
"23/01/2023","65.51","65.65","66.00","65.51","23829.00","1564028.19","7","3301835763.20","65.65"
"20/01/2023","67.00","66.00","67.00","66.00","2771.00","183550.60","12","3319438848.00","66.00"
"19/01/2023","67.50","67.00","67.99","67.00","2437.00","163343.20","13","3369733376.00","67.00"
"18/01/2023","67.50","67.50","67.50","67.50","240.00","16200.00","7","3394880640.00","67.50"
"17/01/2023","67.50","67.50","67.50","67.50","54.00","3645.00","2","3394880640.00","67.50"
"16/01/2023","67.98","67.50","67.98","67.50","43.00","2910.78","6","3394880640.00","67.50"
"13/01/2023","65.25","65.00","68.00","65.00","4075.00","264941.25","20","3269144320.00","65.00"
"12/01/2023","65.83","66.00","66.00","65.00","109.00","7159.14","12","3319438848.00","66.00"
"10/01/2023","63.00","65.00","65.83","63.00","387.00","24918.32","11","3269144320.00","65.00"
"09/01/2023","63.00","65.94","65.94","63.00","132.00","8686.44","6","3316421176.32","65.94"
"06/01/2023","66.97","63.00","66.97","63.00","2645.00","166748.46","24","3168555264.00","63.00"
"05/01/2023","67.45","66.80","67.50","64.10","9735.00","637319.90","50","3359674470.40","66.80"
"04/01/2023","67.90","66.10","69.90","66.00","1560.00","104128.50","26","3324468300.80","66.10"
"03/01/2023","67.00","67.00","67.95","65.01","3301.00","217828.27","37","3369733376.00","67.00"
"02/01/2023","68.89","66.01","68.89","66.01","11325.00","752799.15","51","3319941793.28","66.01"
"30/12/2022","72.00","65.00","72.00","65.00","60230.00","3916282.32","118","3269144320.00","65.00"
"29/12/2022","73.49","68.50","73.50","68.50","1776.00","121854.91","38","3445175168.00","68.50"
"28/12/2022","71.30","70.00","73.43","70.00","9021.00","632424.33","54","3520616960.00","70.00"
"27/12/2022","72.00","72.00","72.00","72.00","200.00","14400.00","1","3621206016.00","72.00"
"26/12/2022","74.39","71.50","74.39","71.50","1797.00","128675.84","29","3596058752.00","71.50"
"23/12/2022","74.00","71.50","74.00","71.50","9650.00","693572.07","39","3596058752.00","71.50"
"22/12/2022","73.72","72.02","74.00","72.02","9632.00","705209.55","36","3622211906.56","72.02"
"21/12/2022","76.20","73.72","76.20","73.72","551.00","40743.72","4","3707712604.16","73.72"
"20/12/2022","74.00","74.00","76.69","74.00","142337.00","10532982.90","9","3721795072.00","74.00"
"19/12/2022","74.55","74.60","74.60","74.55","24.00","1789.35","5","3751971788.80","74.60"
"16/12/2022","77.88","73.05","77.88","73.05","4005.00","292589.40","14","3674015270.40","73.05"
"15/12/2022","73.98","74.50","77.97","73.98","2701.00","201433.26","21","3746942336.00","74.50"
"14/12/2022","72.10","73.96","73.96","72.10","92.00","6745.19","6","3719783290.88","73.96"
"13/12/2022","72.20","73.49","73.49","72.10","847.00","61196.56","11","3696144862.72","73.49"
"12/12/2022","73.95","72.10","73.96","72.10","202.00","14759.94","10","3626235468.80","72.10"
"09/12/2022","71.50","72.00","72.00","71.50","29.00","2083.50","2","3621206016.00","72.00"
"08/12/2022","74.00","71.20","74.33","71.20","5081.00","363115.22","32","3580970393.60","71.20"
"07/12/2022","74.49","71.20","74.49","71.20","3015.00","214717.35","10","3580970393.60","71.20"
"06/12/2022","74.70","71.10","74.70","71.10","183.00","13327.92","11","3575940940.80","71.10"
"05/12/2022","73.50","72.00","73.50","72.00","34.00","2496.00","8","3621206016.00","72.00"
"02/12/2022","73.49","70.60","73.49","70.60","3001.00","211873.49","12","3550793676.80","70.60"
"01/12/2022","71.00","73.45","73.45","70.51","9.00","647.33","4","3694133081.60","73.45"
"30/11/2022","73.25","70.30","73.50","70.30","1021.00","71842.25","11","3535705318.40","70.30"
"29/11/2022","71.00","73.25","73.25","70.30","1119.00","78925.70","10","3684074176.00","73.25"
"28/11/2022","73.00","73.00","73.00","73.00","1.00","73.00","1","3671500544.00","73.00"
"25/11/2022","71.30","71.00","73.50","71.00","5618.00","399028.50","9","3570911488.00","71.00"
"24/11/2022","71.80","71.20","73.50","71.20","2092.00","149055.60","16","3580970393.60","71.20"
"23/11/2022","71.80","72.00","72.00","71.80","123.00","8831.60","5","3621206016.00","72.00"
"22/11/2022","71.20","70.40","71.20","70.36","46.00","3262.96","5","3540734771.20","70.40"
"21/11/2022","73.44","71.00","73.50","71.00","2099.00","149236.48","20","3570911488.00","71.00"
"17/11/2022","70.21","71.50","71.50","70.21","16617.00","1180482.68","10","3596058752.00","71.50"
"16/11/2022","70.10","70.10","70.10","70.10","2000.00","140200.00","11","3525646412.80","70.10"
"15/11/2022","73.20","73.20","73.20","73.20","56.00","4099.20","7","3681559449.60","73.20"
"14/11/2022","70.11","70.10","70.30","70.10","103.00","7228.33","4","3525646412.80","70.10"
"11/11/2022","73.19","72.08","73.19","69.99","25604.00","1792103.08","19","3625229578.24","72.08"
"10/11/2022","73.95","70.00","73.95","69.99","77190.00","5405575.09","55","3520616960.00","70.00"
"09/11/2022","70.55","72.99","72.99","70.55","440.00","31046.88","5","3670997598.72","72.99"
"08/11/2022","73.97","73.96","73.97","73.96","14.00","1035.56","4","3719783290.88","73.96"
"07/11/2022","73.98","73.97","73.99","73.96","19.00","1405.59","6","3720286236.16","73.97"
"04/11/2022","72.00","71.00","72.00","71.00","2001.00","142072.00","3","3570911488.00","71.00"
"03/11/2022","74.00","70.02","74.00","70.02","524.00","36786.00","22","3521622850.56","70.02"
"02/11/2022","73.98","73.99","74.00","73.01","138.00","10206.63","7","3721292126.72","73.99"
"01/11/2022","73.98","73.99","73.99","73.98","31.00","2293.63","4","3721292126.72","73.99"
"31/10/2022","70.55","73.98","73.98","70.50","105.00","7422.40","3","3720789181.44","73.98"
"28/10/2022","74.27","70.00","78.55","70.00","2162.00","152046.25","31","3520616960.00","70.00"
"27/10/2022","78.88","74.27","78.88","74.27","1271.00","94932.77","16","3735374594.56","74.27"
"26/10/2022","77.50","79.00","79.00","77.50","11.00","854.00","3","3973267712.00","79.00"
"25/10/2022","74.00","75.00","75.00","72.00","252.00","18169.00","7","3772089600.00","75.00"
"24/10/2022","74.00","74.00","74.00","74.00","30.00","2220.00","2","3721795072.00","74.00"
"21/10/2022","74.00","70.02","74.00","70.02","3030.00","212280.00","12","3521622850.56","70.02"
"20/10/2022","74.10","73.00","74.10","73.00","781.00","57222.50","28","3671500544.00","73.00"
"19/10/2022","74.10","74.00","74.10","74.00","320.00","23685.00","4","3721795072.00","74.00"
"18/10/2022","75.00","74.10","75.00","74.00","780.00","57884.01","20","3726824524.80","74.10"
"17/10/2022","76.00","75.00","76.00","75.00","133.00","10093.00","7","3772089600.00","75.00"
"14/10/2022","76.97","76.94","76.97","74.52","166.00","12421.39","6","3869660984.32","76.94"
"13/10/2022","75.00","76.40","76.40","74.20","21.00","1565.20","3","3842501939.20","76.40"
"12/10/2022","76.00","74.10","77.40","74.10","284.00","21252.00","16","3726824524.80","74.10"
"11/10/2022","77.69","77.70","77.70","77.69","37.00","2874.79","4","3907884825.60","77.70"
"07/10/2022","74.50","75.00","77.90","74.50","1722.00","128713.80","20","3772089600.00","75.00"
"06/10/2022","77.90","75.00","77.90","75.00","779.00","58795.49","13","3772089600.00","75.00"
"05/10/2022","77.00","75.50","77.50","75.50","171.00","13107.50","4","3797236864.00","75.50"
"04/10/2022","73.60","77.50","77.99","73.60","122.00","9124.98","9","3897825920.00","77.50"
"03/10/2022","74.00","75.00","75.00","74.00","190.00","14227.00","8","3772089600.00","75.00"
"30/09/2022","76.10","73.50","76.10","73.50","10300.00","757806.70","31","3696647808.00","73.50"
"29/09/2022","77.00","76.00","78.99","76.00","7794.00","592360.95","24","3822384128.00","76.00"
"28/09/2022","80.50","77.00","80.50","77.00","1793.00","138504.34","19","3872678656.00","77.00"
"27/09/2022","80.50","78.00","80.50","78.00","442.00","34481.00","7","3922973184.00","78.00"
"26/09/2022","80.00","76.00","81.50","76.00","16544.00","1257654.00","40","3822384128.00","76.00"
"23/09/2022","81.99","80.00","81.99","80.00","5002.00","400163.97","17","4023562240.00","80.00"
"22/09/2022","81.98","81.98","81.98","80.30","72.00","5842.28","8","4123145405.44","81.98"
"21/09/2022","82.00","82.00","82.00","82.00","7.00","574.00","2","4124151296.00","82.00"
"20/09/2022","81.99","81.99","81.99","81.99","10.00","819.90","1","4123648350.72","81.99"
"19/09/2022","81.99","80.05","82.00","80.05","393.00","31601.77","11","4026076966.40","80.05"
"16/09/2022","82.00","80.04","82.00","80.04","2648.00","212048.21","20","4025574021.12","80.04"
"15/09/2022","81.99","80.48","81.99","80.48","66.00","5350.94","5","4047703613.44","80.48"
"14/09/2022","82.09","82.09","82.09","82.09","63.00","5171.67","1","4128677803.52","82.09"
"13/09/2022","82.19","80.51","82.19","80.16","169.00","13657.25","6","4049212449.28","80.51"
"12/09/2022","80.21","80.13","82.20","80.13","568.00","45674.93","6","4030100528.64","80.13"
"09/09/2022","82.19","81.00","82.19","80.06","16685.00","1351446.38","15","4073856768.00","81.00"
"08/09/2022","83.16","80.04","83.16","80.04","503.00","40269.44","12","4025574021.12","80.04"
"07/09/2022","83.45","80.03","83.45","80.03","10702.00","871860.87","12","4025071075.84","80.03"
"06/09/2022","81.10","80.00","83.49","80.00","2723.00","219306.28","31","4023562240.00","80.00"
"05/09/2022","80.00","80.00","80.00","80.00","102.00","8160.00","5","4023562240.00","80.00"
"02/09/2022","81.89","81.89","81.89","81.89","10.00","818.90","2","4118618897.92","81.89"
"01/09/2022","0.00","81.90","0.00","0.00","0.00","0.00","","4119121843.20","81.90"
"31/08/2022","81.94","81.90","81.94","81.90","11.00","901.10","4","4119121843.20","81.90"
"30/08/2022","81.00","79.12","81.97","79.00","2606.00","206052.26","21","3979303055.36","79.12"
"29/08/2022","80.05","81.00","81.00","80.03","115.00","9215.03","8","4073856768.00","81.00"
"26/08/2022","80.99","80.03","81.00","80.01","2392.00","192590.63","10","4025071075.84","80.03"
"25/08/2022","81.00","81.00","81.00","81.00","496.00","40176.00","2","4073856768.00","81.00"
"24/08/2022","80.00","80.00","80.00","79.50","4241.00","339180.16","15","4023562240.00","80.00"
"23/08/2022","80.50","80.00","80.50","80.00","1167.00","93380.90","12","4023562240.00","80.00"
"22/08/2022","81.00","80.12","81.30","80.12","301.00","24285.01","11","4029597583.36","80.12"
"19/08/2022","82.30","82.00","82.30","82.00","14.00","1148.30","4","4124151296.00","82.00"
"18/08/2022","80.50","81.00","81.00","80.50","3434.00","278015.45","13","4073856768.00","81.00"
"17/08/2022","81.00","81.00","81.00","80.75","455.00","36846.69","10","4073856768.00","81.00"
"16/08/2022","82.46","81.00","82.46","80.20","12454.00","1008779.04","14","4073856768.00","81.00"
"15/08/2022","80.10","80.01","81.00","80.00","1100.00","89043.17","10","4024065185.28","80.01"
"12/08/2022","80.00","80.00","81.00","80.00","7101.00","570838.40","25","4023562240.00","80.00"
"11/08/2022","80.00","80.00","80.00","80.00","1001.00","80080.00","4","4023562240.00","80.00"
"10/08/2022","79.05","80.00","80.00","79.05","620.00","49585.75","7","4023562240.00","80.00"
"09/08/2022","79.00","80.00","80.00","79.00","41.00","3278.00","7","4023562240.00","80.00"
"08/08/2022","80.00","80.00","80.00","80.00","109.00","8720.00","10","4023562240.00","80.00"
"05/08/2022","80.00","80.00","80.85","79.50","4526.00","362077.70","16","4023562240.00","80.00"
"04/08/2022","81.49","79.00","81.49","79.00","63.00","5009.37","9","3973267712.00","79.00"
"03/08/2022","81.79","79.00","81.79","79.00","1124.00","90136.14","18","3973267712.00","79.00"
"02/08/2022","0.00","80.00","0.00","0.00","0.00","0.00","","4023562240.00","80.00"
"01/08/2022","80.00","80.00","80.00","80.00","1400.00","112000.00","6","4023562240.00","80.00"
"29/07/2022","80.10","79.10","80.99","79.10","7251.00","578769.41","26","3978297164.80","79.10"
"28/07/2022","79.60","79.60","79.60","79.60","5.00","398.00","1","4003444428.80","79.60"
"27/07/2022","82.99","79.60","82.99","79.30","314.00","25257.89","14","4003444428.80","79.60"
"26/07/2022","83.20","83.20","83.20","83.20","3.00","249.60","1","4184504729.60","83.20"
"25/07/2022","82.99","82.99","82.99","82.99","13.00","1078.87","2","4173942878.72","82.99"
"22/07/2022","0.00","79.10","0.00","0.00","0.00","0.00","","3978297164.80","79.10"
"21/07/2022","80.99","79.10","84.19","79.10","12409.00","1004807.45","33","3978297164.80","79.10"
"20/07/2022","80.99","79.50","80.99","79.50","298.00","23813.14","10","3998414976.00","79.50"
"19/07/2022","79.11","80.97","80.97","79.10","51.00","4054.69","4","4072347932.16","80.97"
"18/07/2022","80.99","79.10","80.99","79.10","1079.00","85358.28","14","3978297164.80","79.10"
"15/07/2022","79.50","77.50","81.00","77.50","4212.00","326897.00","16","3897825920.00","77.50"
"14/07/2022","79.48","79.48","79.48","79.48","2.00","158.96","2","3997409085.44","79.48"
"13/07/2022","79.50","79.49","79.50","75.05","5019.00","386860.88","50","3997912030.72","79.49"
"12/07/2022","79.50","79.50","79.50","79.50","1.00","79.50","1","3998414976.00","79.50"
"08/07/2022","77.00","77.00","77.00","77.00","50.00","3850.00","1","3872678656.00","77.00"
"07/07/2022","77.50","77.00","79.50","77.00","756.00","58510.41","12","3872678656.00","77.00"
"06/07/2022","77.50","77.50","77.50","77.50","20.00","1550.00","2","3897825920.00","77.50"
"05/07/2022","79.05","77.00","80.00","77.00","415.00","32111.15","18","3872678656.00","77.00"
"04/07/2022","79.00","79.00","79.00","79.00","7.00","553.00","1","3973267712.00","79.00"
"01/07/2022","82.00","77.10","82.00","77.10","1720.00","133704.70","25","3877708108.80","77.10"
"30/06/2022","81.95","82.00","82.00","81.95","92.00","7540.40","6","4124151296.00","82.00"
"29/06/2022","81.84","81.50","81.84","80.00","321.00","25935.90","5","4099004032.00","81.50"
"28/06/2022","82.44","79.16","82.45","79.16","89.00","7078.98","11","3981314836.48","79.16"
"27/06/2022","79.00","79.15","79.15","79.00","82.00","6482.50","5","3980811891.20","79.15"
"24/06/2022","83.94","82.00","83.94","82.00","625.00","52436.50","4","4124151296.00","82.00"
"23/06/2022","81.20","79.20","81.20","79.10","330.00","26421.62","11","3983326617.60","79.20"
"22/06/2022","82.16","82.00","82.16","82.00","89.00","7305.04","5","4124151296.00","82.00"
"21/06/2022","0.00","84.70","0.00","0.00","0.00","0.00","","4259946521.60","84.70"
"20/06/2022","84.75","84.70","84.75","84.70","12.00","1016.90","4","4259946521.60","84.70"
"17/06/2022","82.00","81.00","82.94","81.00","10914.00","886318.34","31","4073856768.00","81.00"
"16/06/2022","86.00","85.97","86.00","82.50","147.00","12382.81","11","4323820572.16","85.97"
"15/06/2022","81.80","81.80","81.80","81.80","170.00","13906.00","6","4114092390.40","81.80"
"14/06/2022","83.10","81.85","83.10","81.85","1960.00","161321.50","15","4116607116.80","81.85"
"13/06/2022","86.39","82.94","86.39","82.94","810.00","68130.91","11","4171428152.32","82.94"
"10/06/2022","86.50","81.80","86.50","81.80","2647.00","217409.80","24","4114092390.40","81.80"
"09/06/2022","86.00","85.15","87.50","85.00","47107.00","4115612.48","19","4282579059.20","85.15"
"08/06/2022","87.50","89.00","89.00","87.50","97257.00","8586821.00","21","4476212992.00","89.00"
"07/06/2022","87.98","86.25","87.98","86.25","8072.00","696333.33","10","4337903040.00","86.25"
"06/06/2022","86.11","86.10","86.11","86.10","92.00","7921.77","3","4330358860.80","86.10"
"03/06/2022","87.50","87.50","87.50","85.50","6378.00","545619.50","13","4400771200.00","87.50"
"02/06/2022","85.80","87.45","87.45","85.80","1769.00","152610.61","28","4398256473.60","87.45"
"01/06/2022","85.39","83.00","85.39","83.00","106.00","8966.85","7","4174445824.00","83.00"
"31/05/2022","84.50","84.00","85.40","84.00","1310.00","110160.10","10","4224740352.00","84.00"
"30/05/2022","85.50","82.11","85.50","82.02","5100.00","422177.47","21","4129683694.08","82.11"
"27/05/2022","82.50","82.30","85.98","82.30","5329.00","438983.53","19","4139239654.40","82.30"
"26/05/2022","84.95","82.30","84.95","82.30","12069.00","994300.85","29","4139239654.40","82.30"
"25/05/2022","83.40","82.20","85.00","82.02","6083.00","500419.41","27","4134210201.60","82.20"
"24/05/2022","0.00","83.40","0.00","0.00","0.00","0.00","","4194563635.20","83.40"
"23/05/2022","84.15","83.40","84.15","83.40","275.00","23015.25","5","4194563635.20","83.40"
"20/05/2022","87.88","83.40","87.88","83.40","1816.00","152636.93","22","4194563635.20","83.40"
"19/05/2022","84.10","84.10","84.10","84.10","1812.00","152389.20","15","4229769804.80","84.10"
"18/05/2022","86.00","84.15","86.00","84.15","607.00","51132.42","10","4232284531.20","84.15"
"17/05/2022","89.09","84.10","89.09","84.10","862.00","72511.44","16","4229769804.80","84.10"
"16/05/2022","83.25","84.10","86.65","83.25","3504.00","295343.18","25","4229769804.80","84.10"
"13/05/2022","85.00","85.00","85.00","85.00","955.00","81175.00","12","4275034880.00","85.00"
"12/05/2022","89.25","87.99","89.25","85.51","650.00","56363.36","13","4425415518.72","87.99"
"11/05/2022","86.00","86.65","86.65","86.00","180.00","15578.00","5","4358020851.20","86.65"
"10/05/2022","91.79","81.80","91.79","81.80","52666.00","4455935.30","54","4114092390.40","81.80"
"09/05/2022","87.55","87.00","88.10","87.00","19713.00","1716654.55","34","4375623936.00","87.00"
"06/05/2022","91.99","87.99","91.99","87.99","33991.00","3024049.59","40","4425415518.72","87.99"
"05/05/2022","93.28","89.00","93.28","89.00","50333.00","4528314.72","60","4476212992.00","89.00"
"04/05/2022","92.89","93.30","93.30","90.00","408.00","37560.55","16","4692479462.40","93.30"
"29/04/2022","89.50","89.00","90.00","89.00","31047.00","2765797.00","21","4476212992.00","89.00"
"28/04/2022","90.62","87.50","90.62","87.50","2148.00","192761.87","35","4400771200.00","87.50"
"27/04/2022","92.80","91.00","92.80","91.00","2208.00","201207.60","15","4576802048.00","91.00"
"26/04/2022","92.80","91.50","92.80","91.50","115.00","10652.50","4","4601949312.00","91.50"
"25/04/2022","92.80","92.80","92.80","92.80","3.00","278.40","1","4667332198.40","92.80"
"22/04/2022","92.99","92.99","92.99","92.99","10.00","929.90","1","4676888158.72","92.99"
"21/04/2022","92.51","92.99","92.99","92.50","54.00","4996.48","3","4676888158.72","92.99"
"20/04/2022","92.00","92.50","92.50","91.50","116.00","10629.00","8","4652243840.00","92.50"
"19/04/2022","92.00","91.50","92.00","91.50","21571.00","1976246.50","7","4601949312.00","91.50"
"18/04/2022","91.50","91.50","91.50","91.50","1.00","91.50","1","4601949312.00","91.50"
"15/04/2022","92.60","92.60","92.60","92.60","136.00","12593.60","5","4657273292.80","92.60"
"14/04/2022","91.50","92.60","92.60","90.12","767.00","69482.30","13","4657273292.80","92.60"
"13/04/2022","91.50","91.50","91.51","91.50","682.00","62403.05","11","4601949312.00","91.50"
"12/04/2022","93.00","91.50","93.00","91.50","2572.00","235558.50","20","4601949312.00","91.50"
"11/04/2022","92.50","92.00","93.00","92.00","566.00","52222.50","21","4627096576.00","92.00"
"08/04/2022","0.00","91.10","0.00","0.00","0.00","0.00","","4581831500.80","91.10"
"07/04/2022","93.00","91.10","93.00","91.00","622.00","57388.50","6","4581831500.80","91.10"
"06/04/2022","93.00","92.50","93.00","92.50","46.00","4266.00","6","4652243840.00","92.50"
"05/04/2022","94.00","93.10","94.00","92.50","335.00","31122.50","7","4682420556.80","93.10"
"04/04/2022","94.00","93.50","94.00","92.00","167.00","15481.50","4","4702538368.00","93.50"
"01/04/2022","94.54","94.54","94.54","94.54","14.00","1323.56","2","4754844677.12","94.54"
"31/03/2022","90.02","90.03","92.00","90.00","9460.00","852827.09","43","4528016355.84","90.03"
"30/03/2022","92.50","92.10","92.50","92.10","10111.00","935223.10","6","4632126028.80","92.10"
"29/03/2022","94.00","94.90","94.90","94.00","212.00","19938.80","3","4772950707.20","94.90"
"28/03/2022","93.99","93.99","93.99","93.99","5.00","469.95","2","4727182686.72","93.99"
"25/03/2022","94.00","90.00","94.00","90.00","3627.00","326530.00","26","4526507520.00","90.00"
"24/03/2022","94.60","92.50","95.10","92.30","411.00","38546.90","9","4652243840.00","92.50"
"23/03/2022","95.10","93.50","95.10","93.50","927.00","87591.08","11","4702538368.00","93.50"
"22/03/2022","96.60","94.50","97.00","94.50","7143.00","679547.60","42","4752832896.00","94.50"
"21/03/2022","99.99","96.45","99.99","96.45","159.00","15834.31","5","4850907225.60","96.45"
"18/03/2022","96.90","97.00","97.00","96.90","2404.00","233185.00","10","4878569216.00","97.00"
"17/03/2022","99.84","97.00","99.84","97.00","418.00","40599.96","7","4878569216.00","97.00"
"16/03/2022","99.00","96.10","99.00","96.10","6810.00","666470.00","11","4833304140.80","96.10"
"15/03/2022","96.00","99.98","99.99","94.50","130.00","12467.40","6","5028446909.44","99.98"
"14/03/2022","96.20","96.00","96.20","96.00","839.00","80544.20","12","4828274688.00","96.00"
"11/03/2022","101.95","96.10","101.95","96.10","4212.00","406920.49","22","4833304140.80","96.10"
"10/03/2022","104.75","97.00","104.75","97.00","8900.00","879350.00","21","4878569216.00","97.00"
"09/03/2022","99.90","99.98","100.00","98.00","1213.00","120560.71","18","5028446909.44","99.98"
"08/03/2022","91.00","95.00","95.00","91.00","435.00","40520.13","15","4777980160.00","95.00"
"07/03/2022","94.50","90.05","94.50","90.00","5269.00","476085.93","39","4529022246.40","90.05"
"04/03/2022","100.00","94.50","100.00","94.50","24838.00","2354703.35","49","4752832896.00","94.50"
"03/03/2022","100.10","100.00","101.10","96.50","14380.00","1433932.25","43","5029452800.00","100.00"
"02/03/2022","0.00","102.00","0.00","0.00","0.00","0.00","","5130041856.00","102.00"
"01/03/2022","103.20","102.00","103.20","102.00","323.00","33008.60","14","5130041856.00","102.00"
"28/02/2022","104.00","103.00","104.00","100.00","1762.00","179075.05","43","5180336384.00","103.00"
"25/02/2022","97.50","100.00","108.00","97.50","33145.00","3317112.00","50","5029452800.00","100.00"
"24/02/2022","106.80","103.60","110.00","103.60","3786.00","396794.30","23","5210513100.80","103.60"
"23/02/2022","110.00","110.00","110.00","107.00","52.00","5717.00","5","5532398080.00","110.00"
"22/02/2022","109.00","109.00","109.00","105.90","10559.00","1122581.25","23","5482103552.00","109.00"
"21/02/2022","110.00","111.50","111.50","110.00","50.00","5547.50","5","5607839872.00","111.50"
"18/02/2022","110.50","110.00","110.50","110.00","11246.00","1237062.50","6","5532398080.00","110.00"
"17/02/2022","110.00","110.00","110.00","110.00","50.00","5500.00","2","5532398080.00","110.00"
"16/02/2022","0.00","111.00","0.00","0.00","0.00","0.00","","5582692608.00","111.00"
"15/02/2022","110.00","111.00","111.00","110.00","11.00","1211.00","2","5582692608.00","111.00"
"14/02/2022","111.00","111.00","111.00","111.00","27.00","2997.00","1","5582692608.00","111.00"
"11/02/2022","109.00","111.80","112.00","109.00","1915.00","213813.20","12","5622928230.40","111.80"
"10/02/2022","110.35","111.95","111.95","109.00","1570.00","173721.45","15","5630472409.60","111.95"
"09/02/2022","109.55","110.35","110.35","109.00","1401.00","153447.10","10","5550001164.80","110.35"
"08/02/2022","109.95","109.55","109.95","109.55","115.00","12606.25","7","5509765542.40","109.55"
"07/02/2022","109.00","109.95","109.95","107.00","2721.00","294218.95","11","5529883353.60","109.95"
"04/02/2022","109.50","110.00","110.00","109.50","5509.00","605963.50","11","5532398080.00","110.00"
"03/02/2022","109.15","109.95","109.95","109.15","315.00","34394.25","7","5529883353.60","109.95"
"02/02/2022","109.15","110.00","110.35","109.10","2158.00","235689.75","11","5532398080.00","110.00"
"01/02/2022","109.35","110.00","110.40","109.15","1090.00","119706.15","10","5532398080.00","110.00"
"31/01/2022","0.00","110.90","0.00","0.00","0.00","0.00","","5577663155.20","110.90"
"28/01/2022","111.00","110.90","111.00","110.00","1651.00","181790.90","9","5577663155.20","110.90"
"27/01/2022","109.95","111.00","111.00","109.95","720.00","79392.00","7","5582692608.00","111.00"
"26/01/2022","109.95","109.95","109.95","109.95","20.00","2199.00","1","5529883353.60","109.95"
"25/01/2022","109.00","109.10","109.50","109.00","423.00","46170.00","7","5487133004.80","109.10"
"24/01/2022","110.05","110.00","110.05","110.00","350.00","38500.80","6","5532398080.00","110.00"
"21/01/2022","112.90","112.00","112.90","112.00","12937.00","1448945.80","13","5632987136.00","112.00"
"20/01/2022","112.00","111.90","113.50","110.50","11457.00","1282382.80","24","5627957683.20","111.90"
"19/01/2022","113.00","112.30","113.00","110.00","2211.00","245984.65","28","5648075494.40","112.30"
"18/01/2022","113.00","113.90","113.90","112.00","1305.00","146447.10","17","5728546739.20","113.90"
"17/01/2022","113.00","112.90","113.00","112.90","40.00","4517.00","3","5678252211.20","112.90"
"14/01/2022","114.80","113.00","114.80","112.55","5962.00","672620.40","25","5683281664.00","113.00"
"13/01/2022","111.90","114.00","114.00","111.00","13586.00","1527235.00","51","5733576192.00","114.00"
"12/01/2022","112.00","112.00","112.15","111.00","8623.00","960836.40","31","5632987136.00","112.00"
"10/01/2022","107.50","110.55","111.00","107.50","4672.00","513988.80","36","5560060070.40","110.55"
"07/01/2022","105.00","109.00","110.00","105.00","81936.00","8873536.20","77","5482103552.00","109.00"
"06/01/2022","105.60","105.00","105.60","104.00","480.00","50410.00","7","5280925440.00","105.00"
"05/01/2022","103.40","105.50","105.50","103.40","42.00","4424.70","4","5306072704.00","105.50"
"04/01/2022","105.00","105.00","105.00","105.00","10000.00","1050000.00","11","5280925440.00","105.00"
"03/01/2022","0.00","103.00","0.00","0.00","0.00","0.00","","5180336384.00","103.00"
"31/12/2021","107.50","103.00","107.50","103.00","6769.00","709526.30","17","5180336384.00","103.00"
"30/12/2021","107.50","105.00","107.50","105.00","171.00","17977.50","4","5280925440.00","105.00"
"29/12/2021","105.00","105.00","105.00","104.60","896.00","94068.40","10","5280925440.00","105.00"
"28/12/2021","105.00","105.00","105.90","104.55","7895.00","828919.00","21","5280925440.00","105.00"
"27/12/2021","104.00","105.00","106.00","104.00","401.00","42050.30","13","5280925440.00","105.00"
"24/12/2021","105.50","105.80","106.40","103.50","2539.00","268195.40","15","5321161062.40","105.80"
"23/12/2021","104.00","105.00","105.00","104.00","108.00","11290.00","5","5280925440.00","105.00"
"22/12/2021","103.00","105.00","105.00","103.00","15.00","1565.00","2","5280925440.00","105.00"
"21/12/2021","105.00","105.00","105.00","105.00","10.00","1050.00","1","5280925440.00","105.00"
"20/12/2021","105.50","105.50","105.50","105.50","300.00","31650.00","1","5306072704.00","105.50"
"17/12/2021","105.00","105.00","105.00","105.00","25.00","2625.00","1","5280925440.00","105.00"
"16/12/2021","105.95","105.80","106.20","105.70","200.00","21189.00","5","5321161062.40","105.80"
"15/12/2021","103.00","105.00","105.75","102.90","1844.00","193593.95","7","5280925440.00","105.00"
"14/12/2021","105.00","105.80","105.80","105.00","1120.00","117690.50","9","5321161062.40","105.80"
"13/12/2021","105.00","105.70","105.70","105.00","543.00","57353.10","5","5316131609.60","105.70"
"10/12/2021","105.00","105.00","105.70","105.00","15109.00","1586507.80","27","5280925440.00","105.00"
"09/12/2021","105.40","105.50","105.50","104.80","26572.00","2788584.00","17","5306072704.00","105.50"
"08/12/2021","104.50","105.00","105.80","104.50","18526.00","1945142.35","22","5280925440.00","105.00"
"07/12/2021","103.05","105.00","105.00","103.00","670.00","69383.55","7","5280925440.00","105.00"
"06/12/2021","105.00","105.00","105.00","105.00","791.00","83055.00","6","5280925440.00","105.00"
"03/12/2021","105.00","106.90","106.90","105.00","27017.00","2840585.00","14","5376485043.20","106.90"
"02/12/2021","105.00","107.80","107.80","105.00","57093.00","5997692.35","26","5421750118.40","107.80"
"01/12/2021","107.50","105.00","107.50","105.00","50028.00","5252987.50","4","5280925440.00","105.00"
"30/11/2021","101.00","105.00","105.00","101.00","3680.00","373375.35","15","5280925440.00","105.00"
"29/11/2021","103.00","104.00","104.00","103.00","2562.00","264787.50","19","5230630912.00","104.00"
"26/11/2021","106.10","105.00","108.90","105.00","3954.00","417157.90","17","5280925440.00","105.00"
"25/11/2021","106.05","106.05","106.05","106.05","23.00","2439.15","1","5333734694.40","106.05"
"24/11/2021","109.00","109.45","109.45","109.00","5.00","545.45","2","5504736089.60","109.45"
"23/11/2021","109.90","109.90","109.90","109.90","16.00","1758.40","2","5527368627.20","109.90"
"22/11/2021","110.00","109.90","110.00","106.50","406.00","44182.50","6","5527368627.20","109.90"
"19/11/2021","107.00","111.90","111.90","107.00","2105.00","229701.90","12","5627957683.20","111.90"
"17/11/2021","106.00","107.00","107.00","106.00","33.00","3523.00","3","5381514496.00","107.00"
"16/11/2021","106.00","106.00","106.00","106.00","40.00","4240.00","2","5331219968.00","106.00"
"15/11/2021","105.90","105.90","105.90","105.90","100.00","10590.00","1","5326190515.20","105.90"
"12/11/2021","105.00","103.50","105.00","102.25","7197.00","747693.35","39","5205483648.00","103.50"
"11/11/2021","105.00","105.00","105.00","102.70","449.00","46432.80","8","5280925440.00","105.00"
"10/11/2021","107.00","105.00","107.00","105.00","6397.00","671717.20","13","5280925440.00","105.00"
"09/11/2021","107.00","106.80","107.00","106.80","728.00","77851.00","4","5371455590.40","106.80"
"08/11/2021","105.00","105.00","107.00","105.00","552.00","58430.20","12","5280925440.00","105.00"
"05/11/2021","108.50","107.00","108.50","107.00","3126.00","336217.40","16","5381514496.00","107.00"
"04/11/2021","110.00","108.50","110.00","108.00","3891.00","422736.10","32","5456956288.00","108.50"
"03/11/2021","113.00","110.15","113.00","110.15","1410.00","156320.00","11","5539942259.20","110.15"
"02/11/2021","114.40","112.00","114.95","112.00","2786.00","315125.25","27","5632987136.00","112.00"
"01/11/2021","113.95","112.00","113.95","112.00","159.00","17954.25","7","5632987136.00","112.00"
"29/10/2021","107.50","111.00","111.95","107.10","104663.00","11573159.30","52","5582692608.00","111.00"
"28/10/2021","110.00","109.50","110.00","109.50","2220.00","243590.00","10","5507250816.00","109.50"
"27/10/2021","109.45","109.30","109.45","108.00","53192.00","5795970.75","18","5497191910.40","109.30"
"26/10/2021","108.00","109.60","109.65","108.00","24926.00","2693425.35","12","5512280268.80","109.60"
"25/10/2021","108.80","109.00","109.40","106.50","490.00","52894.60","16","5482103552.00","109.00"
"22/10/2021","108.90","106.10","108.90","106.00","14157.00","1502595.90","20","5336249420.80","106.10"
"21/10/2021","105.80","106.00","106.10","105.00","1352.00","142983.40","15","5331219968.00","106.00"
"18/10/2021","104.00","105.50","106.00","104.00","1589.00","166792.50","16","5306072704.00","105.50"
"15/10/2021","104.80","105.00","107.00","104.50","35120.00","3686113.60","55","5280925440.00","105.00"
"14/10/2021","103.10","103.55","104.20","103.00","3721.00","384751.30","18","5207998374.40","103.55"
"13/10/2021","104.20","104.00","104.20","103.95","5767.00","599775.40","11","5230630912.00","104.00"
"12/10/2021","104.00","104.00","104.20","103.00","130.00","13502.20","8","5230630912.00","104.00"
"11/10/2021","103.00","103.50","103.50","101.55","28792.00","2977275.10","35","5205483648.00","103.50"
"08/10/2021","101.70","101.60","101.70","101.50","5722.00","581226.80","13","5109924044.80","101.60"
"07/10/2021","100.40","102.95","102.95","100.40","5184.00","522602.90","16","5177821657.60","102.95"
"06/10/2021","100.30","100.30","100.30","100.00","519.00","52045.50","6","5044541158.40","100.30"
"05/10/2021","100.80","100.30","101.90","100.00","7706.00","772507.25","18","5044541158.40","100.30"
"04/10/2021","100.15","100.80","102.80","100.15","90.00","9079.00","4","5069688422.40","100.80"
"01/10/2021","100.15","100.50","102.00","100.15","5759.00","580239.25","12","5054600064.00","100.50"
"30/09/2021","101.00","100.15","101.10","100.15","1355.00","136268.35","17","5036996979.20","100.15"
"29/09/2021","103.00","102.25","103.00","100.60","271.00","27369.45","8","5142615488.00","102.25"
"28/09/2021","104.00","102.30","104.00","102.00","1912.00","195649.00","11","5145130214.40","102.30"
"27/09/2021","104.95","103.50","104.95","101.00","11304.00","1169695.75","36","5205483648.00","103.50"
"24/09/2021","104.95","104.60","104.95","100.95","51674.00","5419636.60","56","5260807628.80","104.60"
"23/09/2021","102.40","102.40","102.40","102.40","7105.00","727552.00","10","5150159667.20","102.40"
"22/09/2021","102.95","98.50","102.95","98.50","339.00","33482.67","8","4954011008.00","98.50"
"21/09/2021","101.00","101.00","103.00","97.00","6940.00","694889.80","18","5079747328.00","101.00"
"20/09/2021","101.00","101.00","101.00","99.10","147.00","14789.40","10","5079747328.00","101.00"
"17/09/2021","96.99","100.00","100.20","96.99","38865.00","3848190.83","88","5029452800.00","100.00"
"16/09/2021","96.41","96.50","96.90","95.50","40995.00","3935605.72","11","4853421952.00","96.50"
"15/09/2021","96.40","96.00","96.40","96.00","70029.00","6722787.60","4","4828274688.00","96.00"
"14/09/2021","95.01","96.04","96.04","95.00","679920.00","64592716.18","19","4830286469.12","96.04"
"13/09/2021","95.00","95.60","95.60","95.00","250280.00","23776728.00","4","4808156876.80","95.60"
"10/09/2021","95.23","95.00","95.23","95.00","10184.00","969490.96","6","4777980160.00","95.00"
"09/09/2021","95.49","95.50","95.80","95.00","917.00","87418.91","16","4803127424.00","95.50"
"08/09/2021","94.50","94.50","94.51","94.11","42851.00","4049413.58","20","4752832896.00","94.50"
"07/09/2021","94.90","94.56","95.50","94.52","7775.00","741980.77","15","4755850567.68","94.56"
"06/09/2021","94.70","94.70","94.70","94.70","100.00","9470.00","1","4762891801.60","94.70"
"03/09/2021","94.50","95.00","95.00","94.25","44208.00","4199661.75","13","4777980160.00","95.00"
"02/09/2021","94.75","95.30","95.30","94.50","524.00","49673.50","6","4793068518.40","95.30"
"01/09/2021","94.75","95.00","95.00","94.75","50750.00","4821245.00","7","4777980160.00","95.00"
"31/08/2021","94.70","94.70","94.70","94.70","110.00","10417.00","2","4762891801.60","94.70"
"30/08/2021","94.70","94.50","94.70","94.10","60435.00","5711169.50","8","4752832896.00","94.50"
"27/08/2021","0.00","94.90","0.00","0.00","0.00","0.00","","4772950707.20","94.90"
"26/08/2021","94.99","94.90","94.99","94.60","10304.00","976337.95","12","4772950707.20","94.90"
"25/08/2021","94.02","94.10","94.10","94.02","26.00","2445.00","3","4732715084.80","94.10"
"24/08/2021","0.00","94.98","0.00","0.00","0.00","0.00","","4776974269.44","94.98"
"23/08/2021","93.60","94.98","94.98","93.60","19758.00","1867077.68","6","4776974269.44","94.98"
"19/08/2021","93.50","94.00","94.48","93.50","15692.00","1481671.97","13","4727685632.00","94.00"
"18/08/2021","0.00","94.80","0.00","0.00","0.00","0.00","","4767921254.40","94.80"
"17/08/2021","94.80","94.80","94.80","94.80","100.00","9480.00","4","4767921254.40","94.80"
"16/08/2021","94.50","94.50","94.50","94.50","1031.00","97429.50","3","4752832896.00","94.50"
"13/08/2021","94.90","94.50","95.00","94.50","50169.00","4740994.86","7","4752832896.00","94.50"
"12/08/2021","95.00","95.00","95.00","95.00","1.00","95.00","1","4777980160.00","95.00"
"11/08/2021","94.00","95.00","95.50","94.00","461.00","43740.46","12","4777980160.00","95.00"
"09/08/2021","94.00","94.00","95.80","94.00","3509.00","332712.39","29","4727685632.00","94.00"
"06/08/2021","93.45","93.62","94.51","93.45","25664.00","2415779.42","88","4708573711.36","93.62"
"05/08/2021","90.89","90.90","90.90","90.89","105.00","9544.49","3","4571772595.20","90.90"
"04/08/2021","90.90","90.89","90.90","89.00","230.00","20602.71","8","4571269649.92","90.89"
"03/08/2021","89.98","89.20","90.00","89.20","1020.00","91783.98","3","4486271897.60","89.20"
"02/08/2021","90.90","90.00","90.90","89.00","3201.00","288143.00","6","4526507520.00","90.00"
"29/07/2021","90.88","90.90","90.90","90.88","156.00","14179.06","13","4571772595.20","90.90"
"28/07/2021","88.08","90.80","90.80","88.08","69.00","6088.40","4","4566743142.40","90.80"
"27/07/2021","88.05","89.88","89.88","88.05","119.00","10659.22","8","4520472176.64","89.88"
"26/07/2021","89.76","88.01","89.80","88.01","187.00","16702.06","7","4426421409.28","88.01"
"23/07/2021","89.80","88.01","89.80","88.01","22.00","1957.70","4","4426421409.28","88.01"
"20/07/2021","89.87","88.90","89.87","88.01","35.00","3122.50","5","4471183539.20","88.90"
"19/07/2021","89.00","86.55","89.88","86.50","159.00","14100.14","12","4352991398.40","86.55"
"16/07/2021","88.70","88.69","88.70","87.00","58.00","5125.80","6","4460621688.32","88.69"
"15/07/2021","87.00","86.00","87.00","86.00","1253.00","108646.00","13","4325329408.00","86.00"
"14/07/2021","0.00","86.90","0.00","0.00","0.00","0.00","","4370594483.20","86.90"
"13/07/2021","89.80","86.90","89.80","86.90","5857.00","508987.80","14","4370594483.20","86.90"
"12/07/2021","89.90","88.22","89.90","88.22","113.00","10065.10","3","4436983260.16","88.22"
"09/07/2021","89.90","89.90","89.90","89.90","238.00","21396.20","6","4521478067.20","89.90"
"08/07/2021","89.10","89.99","89.99","89.10","5541.00","498586.36","13","4526004574.72","89.99"
"07/07/2021","90.00","90.00","91.00","90.00","433.00","39184.00","8","4526507520.00","90.00"
"06/07/2021","90.90","90.90","90.90","90.00","20.00","1810.80","7","4571772595.20","90.90"
"05/07/2021","90.90","90.90","91.00","90.90","4608.00","418867.30","4","4571772595.20","90.90"
"02/07/2021","91.00","90.90","91.00","90.00","2029.00","184013.40","12","4571772595.20","90.90"
"01/07/2021","91.00","90.99","91.00","90.63","145700.00","13258687.25","9","4576299102.72","90.99"
"30/06/2021","93.00","90.65","93.00","90.63","29.00","2630.94","3","4559198963.20","90.65"
"29/06/2021","93.40","93.30","93.40","93.30","510.00","47633.00","7","4692479462.40","93.30"
"28/06/2021","0.00","90.20","0.00","0.00","0.00","0.00","","4536566425.60","90.20"
"25/06/2021","93.00","90.20","93.00","90.20","9176.00","827805.20","14","4536566425.60","90.20"
"24/06/2021","93.90","93.90","93.90","93.90","2.00","187.80","1","4722656179.20","93.90"
"23/06/2021","92.00","93.99","93.99","92.00","233.00","21629.03","4","4727182686.72","93.99"
"22/06/2021","92.00","92.00","92.00","90.68","278.00","25477.57","7","4627096576.00","92.00"
"21/06/2021","92.50","92.50","92.50","92.50","4.00","370.00","1","4652243840.00","92.50"
"18/06/2021","92.68","94.00","94.00","92.00","1995.00","187498.30","13","4727685632.00","94.00"
"17/06/2021","91.90","92.90","92.90","91.90","90.00","8301.00","3","4672361651.20","92.90"
"16/06/2021","94.00","93.06","94.00","93.00","7312.00","685421.39","21","4680408775.68","93.06"
"15/06/2021","93.90","94.00","94.00","93.60","5797.00","544786.80","15","4727685632.00","94.00"
"14/06/2021","94.29","92.42","94.30","92.42","318.00","29696.85","11","4648220277.76","92.42"
"11/06/2021","93.50","94.30","94.30","92.05","3350.00","313357.30","20","4742773990.40","94.30"
"10/06/2021","93.10","94.00","94.00","93.00","670.00","62897.10","7","4727685632.00","94.00"
"09/06/2021","93.99","93.10","93.99","93.10","1469.00","137207.87","19","4682420556.80","93.10"
"08/06/2021","93.70","93.60","94.00","93.55","19320.00","1815977.75","8","4707567820.80","93.60"
"07/06/2021","94.00","93.65","95.00","93.65","1290.00","121306.60","13","4710082547.20","93.65"
"04/06/2021","93.50","95.00","95.00","93.50","1972.00","186456.00","13","4777980160.00","95.00"
"03/06/2021","93.15","94.90","95.00","93.15","60220.00","5714394.12","19","4772950707.20","94.90"
"02/06/2021","94.50","94.80","95.00","94.00","4472.00","424124.84","14","4767921254.40","94.80"
"01/06/2021","94.10","94.00","94.50","94.00","6805.00","640004.23","24","4727685632.00","94.00"
"31/05/2021","94.15","94.15","94.15","94.15","5.00","470.75","1","4735229811.20","94.15"
"28/05/2021","94.10","94.15","95.00","94.10","509.00","47954.12","11","4735229811.20","94.15"
"27/05/2021","95.00","94.90","95.00","93.00","19920.00","1891457.14","55","4772950707.20","94.90"
"26/05/2021","93.59","93.59","93.59","93.59","104.00","9733.36","5","4707064875.52","93.59"
"25/05/2021","90.00","90.00","90.00","90.00","150.00","13500.00","2","4526507520.00","90.00"
"24/05/2021","0.00","89.10","0.00","0.00","0.00","0.00","","4481242444.80","89.10"
"21/05/2021","90.10","89.10","90.10","89.10","1300.00","116103.00","14","4481242444.80","89.10"
"20/05/2021","92.00","90.00","92.00","90.00","1538.00","139004.00","12","4526507520.00","90.00"
"19/05/2021","91.00","92.00","92.00","91.00","115838.00","10595263.20","35","4627096576.00","92.00"
"18/05/2021","90.98","91.00","91.00","90.98","5074.00","461727.89","9","4576802048.00","91.00"
"17/05/2021","90.90","89.50","91.00","89.50","133.00","12060.10","5","4501360256.00","89.50"
"12/05/2021","91.49","91.25","91.49","90.00","645.00","58062.11","7","4589375680.00","91.25"
"11/05/2021","91.00","90.10","91.00","90.05","165.00","14955.75","3","4531536972.80","90.10"
"10/05/2021","91.00","91.00","91.00","91.00","602.00","54782.00","4","4576802048.00","91.00"
"07/05/2021","90.00","91.00","92.00","90.00","20364.00","1855275.00","30","4576802048.00","91.00"
"06/05/2021","89.10","91.00","91.90","89.10","41284.00","3755875.24","17","4576802048.00","91.00"
"05/05/2021","87.05","90.00","90.00","87.05","4358.00","391881.62","11","4526507520.00","90.00"
"04/05/2021","88.00","88.01","88.20","88.00","12645.00","1112895.90","7","4426421409.28","88.01"
"03/05/2021","90.00","87.00","90.00","87.00","838.00","73477.00","5","4375623936.00","87.00"
"30/04/2021","86.00","89.90","89.90","86.00","6387.00","568734.70","21","4521478067.20","89.90"
"29/04/2021","88.00","87.50","88.00","87.00","240.00","21000.00","5","4400771200.00","87.50"
"28/04/2021","84.70","88.00","88.00","84.60","41938.00","3553897.85","29","4425918464.00","88.00"
"27/04/2021","84.67","84.70","84.70","84.67","6248.00","529204.16","7","4259946521.60","84.70"
"26/04/2021","84.80","84.80","84.80","84.80","3.00","254.40","2","4264975974.40","84.80"
"23/04/2021","83.00","84.00","84.00","82.61","3300.00","277015.50","10","4224740352.00","84.00"
"22/04/2021","84.50","84.50","84.50","84.50","21.00","1774.50","2","4249887616.00","84.50"
"21/04/2021","83.95","84.78","84.78","83.95","93.00","7812.47","3","4263970083.84","84.78"
"20/04/2021","83.99","82.41","83.99","82.41","103.00","8496.13","4","4144772052.48","82.41"
"19/04/2021","82.40","82.40","82.40","82.40","65.00","5356.00","4","4144269107.20","82.40"
